game_id,home_team,away_team,season_type,week,posteam,defteam,kicker_player_name,kick_distance,surface,success,roof
2019_01_BAL_MIA,MIA,BAL,REG,1,MIA,BAL,J.Sanders,54,grass,1.0,outdoors
2019_01_BAL_MIA,MIA,BAL,REG,1,BAL,MIA,J.Tucker,34,grass,1.0,outdoors
2019_01_BUF_NYJ,NYJ,BUF,REG,1,NYJ,BUF,K.Vedvik,45,fieldturf,0.0,outdoors
2019_01_BUF_NYJ,NYJ,BUF,REG,1,BUF,NYJ,S.Hauschka,43,fieldturf,1.0,outdoors
2019_01_CIN_SEA,SEA,CIN,REG,1,CIN,SEA,R.Bullock,39,fieldturf,1.0,outdoors
2019_01_CIN_SEA,SEA,CIN,REG,1,CIN,SEA,R.Bullock,45,fieldturf,0.0,outdoors
2019_01_CIN_SEA,SEA,CIN,REG,1,CIN,SEA,R.Bullock,27,fieldturf,1.0,outdoors
2019_01_DEN_OAK,LV,DEN,REG,1,DEN,LV,B.McManus,64,grass,0.0,outdoors
2019_01_DEN_OAK,LV,DEN,REG,1,DEN,LV,B.McManus,26,grass,1.0,outdoors
2019_01_DEN_OAK,LV,DEN,REG,1,DEN,LV,B.McManus,26,grass,1.0,outdoors
2019_01_DEN_OAK,LV,DEN,REG,1,DEN,LV,B.McManus,39,grass,1.0,outdoors
2019_01_DEN_OAK,LV,DEN,REG,1,LV,DEN,D.Carlson,29,grass,1.0,outdoors
2019_01_DET_ARI,ARI,DET,REG,1,DET,ARI,M.Prater,55,grass,1.0,closed
2019_01_DET_ARI,ARI,DET,REG,1,ARI,DET,Z.Gonzalez,20,grass,1.0,closed
2019_01_DET_ARI,ARI,DET,REG,1,ARI,DET,Z.Gonzalez,42,grass,1.0,closed
2019_01_DET_ARI,ARI,DET,REG,1,ARI,DET,Z.Gonzalez,34,grass,1.0,closed
2019_01_DET_ARI,ARI,DET,REG,1,ARI,DET,Z.Gonzalez,28,grass,1.0,closed
2019_01_DET_ARI,ARI,DET,REG,1,DET,ARI,M.Prater,33,grass,1.0,closed
2019_01_GB_CHI,CHI,GB,REG,1,CHI,GB,E.Pineiro,38,grass,1.0,outdoors
2019_01_GB_CHI,CHI,GB,REG,1,GB,CHI,M.Crosby,39,grass,1.0,outdoors
2019_01_HOU_NO,NO,HOU,REG,1,NO,HOU,W.Lutz,32,astroturf,1.0,dome
2019_01_HOU_NO,NO,HOU,REG,1,NO,HOU,W.Lutz,56,astroturf,0.0,dome
2019_01_HOU_NO,NO,HOU,REG,1,NO,HOU,W.Lutz,47,astroturf,1.0,dome
2019_01_HOU_NO,NO,HOU,REG,1,NO,HOU,W.Lutz,58,astroturf,1.0,dome
2019_01_IND_LAC,LAC,IND,REG,1,LAC,IND,T.Long,40,grass,1.0,outdoors
2019_01_IND_LAC,LAC,IND,REG,1,IND,LAC,A.Vinatieri,46,grass,0.0,outdoors
2019_01_IND_LAC,LAC,IND,REG,1,IND,LAC,A.Vinatieri,44,grass,1.0,outdoors
2019_01_IND_LAC,LAC,IND,REG,1,IND,LAC,A.Vinatieri,29,grass,0.0,outdoors
2019_01_KC_JAX,JAX,KC,REG,1,KC,JAX,H.Butker,28,grass,1.0,outdoors
2019_01_KC_JAX,JAX,KC,REG,1,JAX,KC,J.Lambo,37,grass,1.0,outdoors
2019_01_KC_JAX,JAX,KC,REG,1,KC,JAX,H.Butker,25,grass,1.0,outdoors
2019_01_KC_JAX,JAX,KC,REG,1,JAX,KC,J.Lambo,23,grass,1.0,outdoors
2019_01_KC_JAX,JAX,KC,REG,1,KC,JAX,H.Butker,46,grass,1.0,outdoors
2019_01_KC_JAX,JAX,KC,REG,1,KC,JAX,H.Butker,35,grass,1.0,outdoors
2019_01_LA_CAR,CAR,LA,REG,1,CAR,LA,J.Slye,53,grass,0.0,outdoors
2019_01_LA_CAR,CAR,LA,REG,1,LA,CAR,G.Zuerlein,49,grass,1.0,outdoors
2019_01_LA_CAR,CAR,LA,REG,1,LA,CAR,G.Zuerlein,56,grass,1.0,outdoors
2019_01_LA_CAR,CAR,LA,REG,1,CAR,LA,J.Slye,46,grass,1.0,outdoors
2019_01_LA_CAR,CAR,LA,REG,1,LA,CAR,G.Zuerlein,27,grass,1.0,outdoors
2019_01_LA_CAR,CAR,LA,REG,1,CAR,LA,J.Slye,52,grass,1.0,outdoors
2019_01_LA_CAR,CAR,LA,REG,1,LA,CAR,G.Zuerlein,41,grass,0.0,outdoors
2019_01_NYG_DAL,DAL,NYG,REG,1,NYG,DAL,A.Rosas,28,fieldturf,1.0,closed
2019_01_PIT_NE,NE,PIT,REG,1,NE,PIT,S.Gostkowski,25,grass,1.0,outdoors
2019_01_PIT_NE,NE,PIT,REG,1,NE,PIT,S.Gostkowski,41,grass,1.0,outdoors
2019_01_PIT_NE,NE,PIT,REG,1,PIT,NE,C.Boswell,19,grass,1.0,outdoors
2019_01_PIT_NE,NE,PIT,REG,1,NE,PIT,S.Gostkowski,35,grass,1.0,outdoors
2019_01_PIT_NE,NE,PIT,REG,1,NE,PIT,S.Gostkowski,39,grass,1.0,outdoors
2019_01_SF_TB,TB,SF,REG,1,SF,TB,R.Gould,29,grass,1.0,outdoors
2019_01_SF_TB,TB,SF,REG,1,SF,TB,R.Gould,36,grass,1.0,outdoors
2019_01_SF_TB,TB,SF,REG,1,SF,TB,R.Gould,57,grass,0.0,outdoors
2019_01_SF_TB,TB,SF,REG,1,TB,SF,M.Gay,31,grass,1.0,outdoors
2019_01_SF_TB,TB,SF,REG,1,SF,TB,R.Gould,47,grass,1.0,outdoors
2019_01_TEN_CLE,CLE,TEN,REG,1,TEN,CLE,C.Santos,37,grass,1.0,outdoors
2019_01_TEN_CLE,CLE,TEN,REG,1,TEN,CLE,C.Santos,53,grass,1.0,outdoors
2019_01_WAS_PHI,PHI,WAS,REG,1,WAS,PHI,D.Hopkins,41,grass,1.0,outdoors
2019_01_WAS_PHI,PHI,WAS,REG,1,WAS,PHI,D.Hopkins,48,grass,1.0,outdoors
2019_01_WAS_PHI,PHI,WAS,REG,1,PHI,WAS,J.Elliott,22,grass,1.0,outdoors
2019_02_ARI_BAL,BAL,ARI,REG,2,ARI,BAL,Z.Gonzalez,22,grass,1.0,outdoors
2019_02_ARI_BAL,BAL,ARI,REG,2,BAL,ARI,J.Tucker,33,grass,1.0,outdoors
2019_02_ARI_BAL,BAL,ARI,REG,2,ARI,BAL,Z.Gonzalez,21,grass,1.0,outdoors
2019_02_ARI_BAL,BAL,ARI,REG,2,ARI,BAL,Z.Gonzalez,21,grass,1.0,outdoors
2019_02_ARI_BAL,BAL,ARI,REG,2,BAL,ARI,J.Tucker,28,grass,1.0,outdoors
2019_02_ARI_BAL,BAL,ARI,REG,2,BAL,ARI,J.Tucker,51,grass,1.0,outdoors
2019_02_BUF_NYG,NYG,BUF,REG,2,NYG,BUF,A.Rosas,48,fieldturf,0.0,outdoors
2019_02_CHI_DEN,DEN,CHI,REG,2,DEN,CHI,B.McManus,43,grass,1.0,outdoors
2019_02_CHI_DEN,DEN,CHI,REG,2,CHI,DEN,E.Pineiro,40,grass,1.0,outdoors
2019_02_CHI_DEN,DEN,CHI,REG,2,CHI,DEN,E.Pineiro,52,grass,1.0,outdoors
2019_02_CHI_DEN,DEN,CHI,REG,2,DEN,CHI,B.McManus,32,grass,1.0,outdoors
2019_02_CHI_DEN,DEN,CHI,REG,2,CHI,DEN,E.Pineiro,53,grass,1.0,outdoors
2019_02_CLE_NYJ,NYJ,CLE,REG,2,CLE,NYJ,A.Seibert,23,fieldturf,1.0,outdoors
2019_02_CLE_NYJ,NYJ,CLE,REG,2,CLE,NYJ,A.Seibert,48,fieldturf,1.0,outdoors
2019_02_CLE_NYJ,NYJ,CLE,REG,2,NYJ,CLE,S.Ficken,46,fieldturf,1.0,outdoors
2019_02_CLE_NYJ,NYJ,CLE,REG,2,CLE,NYJ,A.Seibert,43,fieldturf,1.0,outdoors
2019_02_DAL_WAS,WAS,DAL,REG,2,DAL,WAS,B.Maher,25,grass,1.0,outdoors
2019_02_IND_TEN,TEN,IND,REG,2,TEN,IND,C.Santos,49,grass,1.0,outdoors
2019_02_IND_TEN,TEN,IND,REG,2,TEN,IND,C.Santos,45,grass,0.0,outdoors
2019_02_JAX_HOU,HOU,JAX,REG,2,HOU,JAX,K.Fairbairn,39,grass,1.0,closed
2019_02_JAX_HOU,HOU,JAX,REG,2,JAX,HOU,J.Lambo,40,grass,1.0,closed
2019_02_JAX_HOU,HOU,JAX,REG,2,HOU,JAX,K.Fairbairn,22,grass,1.0,closed
2019_02_JAX_HOU,HOU,JAX,REG,2,JAX,HOU,J.Lambo,32,grass,1.0,closed
2019_02_KC_OAK,LV,KC,REG,2,LV,KC,D.Carlson,29,grass,1.0,outdoors
2019_02_LAC_DET,DET,LAC,REG,2,DET,LAC,M.Prater,40,fieldturf,0.0,dome
2019_02_LAC_DET,DET,LAC,REG,2,LAC,DET,T.Long,39,fieldturf,1.0,dome
2019_02_LAC_DET,DET,LAC,REG,2,LAC,DET,T.Long,39,fieldturf,0.0,dome
2019_02_LAC_DET,DET,LAC,REG,2,LAC,DET,T.Long,41,fieldturf,0.0,dome
2019_02_MIN_GB,GB,MIN,REG,2,MIN,GB,D.Bailey,47,grass,0.0,outdoors
2019_02_MIN_GB,GB,MIN,REG,2,MIN,GB,D.Bailey,31,grass,1.0,outdoors
2019_02_NE_MIA,MIA,NE,REG,2,NE,MIA,S.Gostkowski,48,grass,0.0,outdoors
2019_02_NE_MIA,MIA,NE,REG,2,NE,MIA,S.Gostkowski,28,grass,1.0,outdoors
2019_02_NO_LA,LA,NO,REG,2,LA,NO,G.Zuerlein,24,grass,1.0,outdoors
2019_02_NO_LA,LA,NO,REG,2,NO,LA,W.Lutz,34,grass,1.0,outdoors
2019_02_NO_LA,LA,NO,REG,2,LA,NO,G.Zuerlein,22,grass,1.0,outdoors
2019_02_NO_LA,LA,NO,REG,2,NO,LA,W.Lutz,52,grass,1.0,outdoors
2019_02_NO_LA,LA,NO,REG,2,NO,LA,W.Lutz,42,grass,1.0,outdoors
2019_02_PHI_ATL,ATL,PHI,REG,2,ATL,PHI,M.Bryant,50,fieldturf,1.0,open
2019_02_PHI_ATL,ATL,PHI,REG,2,PHI,ATL,J.Elliott,34,fieldturf,1.0,open
2019_02_PHI_ATL,ATL,PHI,REG,2,ATL,PHI,M.Bryant,50,fieldturf,0.0,open
2019_02_PHI_ATL,ATL,PHI,REG,2,PHI,ATL,J.Elliott,41,fieldturf,1.0,open
2019_02_SEA_PIT,PIT,SEA,REG,2,PIT,SEA,C.Boswell,41,grass,1.0,outdoors
2019_02_SEA_PIT,PIT,SEA,REG,2,SEA,PIT,J.Myers,58,grass,0.0,outdoors
2019_02_SEA_PIT,PIT,SEA,REG,2,PIT,SEA,C.Boswell,33,grass,1.0,outdoors
2019_02_SF_CIN,CIN,SF,REG,2,CIN,SF,R.Bullock,52,grass,0.0,outdoors
2019_02_SF_CIN,CIN,SF,REG,2,CIN,SF,R.Bullock,37,grass,1.0,outdoors
2019_02_SF_CIN,CIN,SF,REG,2,SF,CIN,R.Gould,33,grass,1.0,outdoors
2019_02_SF_CIN,CIN,SF,REG,2,SF,CIN,R.Gould,38,grass,1.0,outdoors
2019_02_SF_CIN,CIN,SF,REG,2,SF,CIN,R.Gould,39,grass,0.0,outdoors
2019_02_TB_CAR,CAR,TB,REG,2,TB,CAR,M.Gay,40,grass,1.0,outdoors
2019_02_TB_CAR,CAR,TB,REG,2,CAR,TB,J.Slye,32,grass,1.0,outdoors
2019_02_TB_CAR,CAR,TB,REG,2,CAR,TB,J.Slye,37,grass,1.0,outdoors
2019_02_TB_CAR,CAR,TB,REG,2,CAR,TB,J.Slye,54,grass,1.0,outdoors
2019_02_TB_CAR,CAR,TB,REG,2,CAR,TB,J.Slye,51,grass,1.0,outdoors
2019_02_TB_CAR,CAR,TB,REG,2,TB,CAR,M.Gay,42,grass,0.0,outdoors
2019_02_TB_CAR,CAR,TB,REG,2,TB,CAR,M.Gay,32,grass,1.0,outdoors
2019_03_ATL_IND,IND,ATL,REG,3,IND,ATL,A.Vinatieri,49,fieldturf,1.0,closed
2019_03_ATL_IND,IND,ATL,REG,3,IND,ATL,A.Vinatieri,21,fieldturf,1.0,closed
2019_03_ATL_IND,IND,ATL,REG,3,ATL,IND,M.Bryant,34,fieldturf,1.0,closed
2019_03_BAL_KC,KC,BAL,REG,3,KC,BAL,H.Butker,42,astroturf,1.0,outdoors
2019_03_BAL_KC,KC,BAL,REG,3,BAL,KC,J.Tucker,39,astroturf,1.0,outdoors
2019_03_BAL_KC,KC,BAL,REG,3,KC,BAL,H.Butker,36,astroturf,1.0,outdoors
2019_03_CAR_ARI,ARI,CAR,REG,3,ARI,CAR,Z.Gonzalez,34,grass,1.0,closed
2019_03_CAR_ARI,ARI,CAR,REG,3,ARI,CAR,Z.Gonzalez,47,grass,1.0,closed
2019_03_CAR_ARI,ARI,CAR,REG,3,CAR,ARI,J.Slye,36,grass,1.0,closed
2019_03_CHI_WAS,WAS,CHI,REG,3,WAS,CHI,D.Hopkins,43,grass,0.0,outdoors
2019_03_CHI_WAS,WAS,CHI,REG,3,WAS,CHI,D.Hopkins,35,grass,1.0,outdoors
2019_03_CHI_WAS,WAS,CHI,REG,3,CHI,WAS,E.Pineiro,44,grass,0.0,outdoors
2019_03_CHI_WAS,WAS,CHI,REG,3,CHI,WAS,E.Pineiro,38,grass,1.0,outdoors
2019_03_CIN_BUF,BUF,CIN,REG,3,BUF,CIN,S.Hauschka,34,astroturf,1.0,outdoors
2019_03_CIN_BUF,BUF,CIN,REG,3,BUF,CIN,S.Hauschka,45,astroturf,1.0,outdoors
2019_03_CIN_BUF,BUF,CIN,REG,3,BUF,CIN,S.Hauschka,62,astroturf,0.0,outdoors
2019_03_CIN_BUF,BUF,CIN,REG,3,CIN,BUF,R.Bullock,43,astroturf,1.0,outdoors
2019_03_DEN_GB,GB,DEN,REG,3,GB,DEN,M.Crosby,42,grass,1.0,outdoors
2019_03_DEN_GB,GB,DEN,REG,3,DEN,GB,B.McManus,30,grass,1.0,outdoors
2019_03_DEN_GB,GB,DEN,REG,3,GB,DEN,M.Crosby,41,grass,1.0,outdoors
2019_03_DEN_GB,GB,DEN,REG,3,GB,DEN,M.Crosby,45,grass,0.0,outdoors
2019_03_DET_PHI,PHI,DET,REG,3,PHI,DET,J.Elliott,25,grass,1.0,outdoors
2019_03_DET_PHI,PHI,DET,REG,3,DET,PHI,M.Prater,25,grass,1.0,outdoors
2019_03_DET_PHI,PHI,DET,REG,3,DET,PHI,M.Prater,33,grass,1.0,outdoors
2019_03_HOU_LAC,LAC,HOU,REG,3,LAC,HOU,T.Long,34,grass,1.0,outdoors
2019_03_HOU_LAC,LAC,HOU,REG,3,HOU,LAC,K.Fairbairn,56,grass,0.0,outdoors
2019_03_HOU_LAC,LAC,HOU,REG,3,LAC,HOU,T.Long,43,grass,1.0,outdoors
2019_03_LA_CLE,CLE,LA,REG,3,LA,CLE,G.Zuerlein,53,grass,1.0,outdoors
2019_03_LA_CLE,CLE,LA,REG,3,CLE,LA,A.Seibert,23,grass,1.0,outdoors
2019_03_LA_CLE,CLE,LA,REG,3,LA,CLE,G.Zuerlein,48,grass,0.0,outdoors
2019_03_LA_CLE,CLE,LA,REG,3,CLE,LA,A.Seibert,35,grass,1.0,outdoors
2019_03_LA_CLE,CLE,LA,REG,3,LA,CLE,G.Zuerlein,37,grass,1.0,outdoors
2019_03_MIA_DAL,DAL,MIA,REG,3,MIA,DAL,J.Sanders,47,fieldturf,0.0,closed
2019_03_MIA_DAL,DAL,MIA,REG,3,DAL,MIA,B.Maher,28,fieldturf,1.0,closed
2019_03_MIA_DAL,DAL,MIA,REG,3,MIA,DAL,J.Sanders,22,fieldturf,1.0,closed
2019_03_MIA_DAL,DAL,MIA,REG,3,MIA,DAL,J.Sanders,33,fieldturf,1.0,closed
2019_03_MIA_DAL,DAL,MIA,REG,3,DAL,MIA,B.Maher,55,fieldturf,0.0,closed
2019_03_NYG_TB,TB,NYG,REG,3,NYG,TB,A.Rosas,36,grass,1.0,outdoors
2019_03_NYG_TB,TB,NYG,REG,3,TB,NYG,M.Gay,47,grass,1.0,outdoors
2019_03_NYG_TB,TB,NYG,REG,3,TB,NYG,M.Gay,27,grass,1.0,outdoors
2019_03_NYG_TB,TB,NYG,REG,3,TB,NYG,M.Gay,52,grass,1.0,outdoors
2019_03_NYG_TB,TB,NYG,REG,3,TB,NYG,M.Gay,23,grass,1.0,outdoors
2019_03_NYG_TB,TB,NYG,REG,3,TB,NYG,M.Gay,34,grass,0.0,outdoors
2019_03_NYJ_NE,NE,NYJ,REG,3,NE,NYJ,S.Gostkowski,37,grass,1.0,outdoors
2019_03_OAK_MIN,MIN,LV,REG,3,MIN,LV,D.Bailey,50,sportturf,1.0,dome
2019_03_OAK_MIN,MIN,LV,REG,3,LV,MIN,D.Carlson,51,sportturf,0.0,dome
2019_03_OAK_MIN,MIN,LV,REG,3,MIN,LV,D.Bailey,24,sportturf,1.0,dome
2019_03_PIT_SF,SF,PIT,REG,3,PIT,SF,C.Boswell,46,grass,1.0,outdoors
2019_03_PIT_SF,SF,PIT,REG,3,PIT,SF,C.Boswell,26,grass,1.0,outdoors
2019_03_PIT_SF,SF,PIT,REG,3,SF,PIT,R.Gould,24,grass,1.0,outdoors
2019_03_TEN_JAX,JAX,TEN,REG,3,JAX,TEN,J.Lambo,40,grass,1.0,outdoors
2019_03_TEN_JAX,JAX,TEN,REG,3,JAX,TEN,J.Lambo,48,grass,1.0,outdoors
2019_04_CAR_HOU,HOU,CAR,REG,4,CAR,HOU,J.Slye,48,grass,1.0,closed
2019_04_CAR_HOU,HOU,CAR,REG,4,HOU,CAR,K.Fairbairn,52,grass,0.0,closed
2019_04_CAR_HOU,HOU,CAR,REG,4,HOU,CAR,K.Fairbairn,37,grass,1.0,closed
2019_04_CAR_HOU,HOU,CAR,REG,4,CAR,HOU,J.Slye,55,grass,1.0,closed
2019_04_CAR_HOU,HOU,CAR,REG,4,CAR,HOU,J.Slye,26,grass,1.0,closed
2019_04_CIN_PIT,PIT,CIN,REG,4,CIN,PIT,R.Bullock,28,grass,1.0,outdoors
2019_04_CIN_PIT,PIT,CIN,REG,4,PIT,CIN,C.Boswell,29,grass,1.0,outdoors
2019_04_CIN_PIT,PIT,CIN,REG,4,PIT,CIN,C.Boswell,49,grass,1.0,outdoors
2019_04_CLE_BAL,BAL,CLE,REG,4,CLE,BAL,A.Seibert,24,grass,1.0,outdoors
2019_04_CLE_BAL,BAL,CLE,REG,4,BAL,CLE,J.Tucker,41,grass,1.0,outdoors
2019_04_CLE_BAL,BAL,CLE,REG,4,CLE,BAL,A.Seibert,43,grass,1.0,outdoors
2019_04_DAL_NO,NO,DAL,REG,4,DAL,NO,B.Maher,28,astroturf,1.0,dome
2019_04_DAL_NO,NO,DAL,REG,4,NO,DAL,W.Lutz,40,astroturf,1.0,dome
2019_04_DAL_NO,NO,DAL,REG,4,NO,DAL,W.Lutz,42,astroturf,1.0,dome
2019_04_DAL_NO,NO,DAL,REG,4,NO,DAL,W.Lutz,19,astroturf,1.0,dome
2019_04_DAL_NO,NO,DAL,REG,4,NO,DAL,W.Lutz,26,astroturf,1.0,dome
2019_04_JAX_DEN,DEN,JAX,REG,4,JAX,DEN,J.Lambo,25,grass,1.0,outdoors
2019_04_JAX_DEN,DEN,JAX,REG,4,DEN,JAX,B.McManus,33,grass,1.0,outdoors
2019_04_JAX_DEN,DEN,JAX,REG,4,JAX,DEN,J.Lambo,40,grass,1.0,outdoors
2019_04_JAX_DEN,DEN,JAX,REG,4,JAX,DEN,J.Lambo,34,grass,1.0,outdoors
2019_04_JAX_DEN,DEN,JAX,REG,4,JAX,DEN,J.Lambo,33,grass,1.0,outdoors
2019_04_KC_DET,DET,KC,REG,4,DET,KC,M.Prater,25,fieldturf,1.0,dome
2019_04_KC_DET,DET,KC,REG,4,KC,DET,H.Butker,36,fieldturf,0.0,dome
2019_04_KC_DET,DET,KC,REG,4,KC,DET,H.Butker,23,fieldturf,1.0,dome
2019_04_KC_DET,DET,KC,REG,4,DET,KC,M.Prater,48,fieldturf,1.0,dome
2019_04_KC_DET,DET,KC,REG,4,KC,DET,H.Butker,44,fieldturf,1.0,dome
2019_04_KC_DET,DET,KC,REG,4,DET,KC,M.Prater,53,fieldturf,1.0,dome
2019_04_LAC_MIA,MIA,LAC,REG,4,LAC,MIA,T.Long,44,grass,1.0,outdoors
2019_04_LAC_MIA,MIA,LAC,REG,4,MIA,LAC,J.Sanders,30,grass,1.0,outdoors
2019_04_LAC_MIA,MIA,LAC,REG,4,MIA,LAC,J.Sanders,50,grass,0.0,outdoors
2019_04_LAC_MIA,MIA,LAC,REG,4,MIA,LAC,J.Sanders,52,grass,0.0,outdoors
2019_04_LAC_MIA,MIA,LAC,REG,4,LAC,MIA,T.Long,45,grass,1.0,outdoors
2019_04_LAC_MIA,MIA,LAC,REG,4,LAC,MIA,T.Long,51,grass,1.0,outdoors
2019_04_MIN_CHI,CHI,MIN,REG,4,CHI,MIN,E.Pineiro,25,grass,1.0,outdoors
2019_04_MIN_CHI,CHI,MIN,REG,4,CHI,MIN,E.Pineiro,38,grass,1.0,outdoors
2019_04_MIN_CHI,CHI,MIN,REG,4,CHI,MIN,E.Pineiro,30,grass,1.0,outdoors
2019_04_NE_BUF,BUF,NE,REG,4,BUF,NE,S.Hauschka,46,astroturf,1.0,outdoors
2019_04_NE_BUF,BUF,NE,REG,4,BUF,NE,S.Hauschka,49,astroturf,0.0,outdoors
2019_04_NE_BUF,BUF,NE,REG,4,NE,BUF,S.Gostkowski,23,astroturf,1.0,outdoors
2019_04_OAK_IND,IND,LV,REG,4,IND,LV,A.Vinatieri,26,fieldturf,1.0,closed
2019_04_OAK_IND,IND,LV,REG,4,IND,LV,A.Vinatieri,57,fieldturf,0.0,closed
2019_04_OAK_IND,IND,LV,REG,4,LV,IND,D.Carlson,26,fieldturf,1.0,closed
2019_04_PHI_GB,GB,PHI,REG,4,GB,PHI,M.Crosby,30,grass,1.0,outdoors
2019_04_PHI_GB,GB,PHI,REG,4,GB,PHI,M.Crosby,31,grass,1.0,outdoors
2019_04_SEA_ARI,ARI,SEA,REG,4,ARI,SEA,Z.Gonzalez,43,grass,0.0,closed
2019_04_SEA_ARI,ARI,SEA,REG,4,SEA,ARI,J.Myers,33,grass,1.0,closed
2019_04_SEA_ARI,ARI,SEA,REG,4,ARI,SEA,Z.Gonzalez,33,grass,1.0,closed
2019_04_SEA_ARI,ARI,SEA,REG,4,ARI,SEA,Z.Gonzalez,48,grass,0.0,closed
2019_04_SEA_ARI,ARI,SEA,REG,4,SEA,ARI,J.Myers,24,grass,1.0,closed
2019_04_TB_LA,LA,TB,REG,4,LA,TB,G.Zuerlein,58,grass,1.0,outdoors
2019_04_TB_LA,LA,TB,REG,4,LA,TB,G.Zuerlein,44,grass,1.0,outdoors
2019_04_TB_LA,LA,TB,REG,4,TB,LA,M.Gay,58,grass,1.0,outdoors
2019_04_TB_LA,LA,TB,REG,4,TB,LA,M.Gay,21,grass,1.0,outdoors
2019_04_TEN_ATL,ATL,TEN,REG,4,TEN,ATL,C.Santos,45,fieldturf,1.0,closed
2019_04_TEN_ATL,ATL,TEN,REG,4,ATL,TEN,M.Bryant,32,fieldturf,0.0,closed
2019_04_TEN_ATL,ATL,TEN,REG,4,ATL,TEN,M.Bryant,42,fieldturf,1.0,closed
2019_04_WAS_NYG,NYG,WAS,REG,4,WAS,NYG,D.Hopkins,21,fieldturf,1.0,outdoors
2019_04_WAS_NYG,NYG,WAS,REG,4,NYG,WAS,A.Rosas,30,fieldturf,1.0,outdoors
2019_05_ARI_CIN,CIN,ARI,REG,5,CIN,ARI,R.Bullock,23,grass,1.0,outdoors
2019_05_ARI_CIN,CIN,ARI,REG,5,ARI,CIN,Z.Gonzalez,37,grass,0.0,outdoors
2019_05_ARI_CIN,CIN,ARI,REG,5,ARI,CIN,Z.Gonzalez,23,grass,1.0,outdoors
2019_05_ARI_CIN,CIN,ARI,REG,5,CIN,ARI,R.Bullock,48,grass,1.0,outdoors
2019_05_ARI_CIN,CIN,ARI,REG,5,ARI,CIN,Z.Gonzalez,20,grass,1.0,outdoors
2019_05_ARI_CIN,CIN,ARI,REG,5,CIN,ARI,R.Bullock,23,grass,1.0,outdoors
2019_05_ARI_CIN,CIN,ARI,REG,5,ARI,CIN,Z.Gonzalez,22,grass,1.0,outdoors
2019_05_ARI_CIN,CIN,ARI,REG,5,ARI,CIN,Z.Gonzalez,31,grass,1.0,outdoors
2019_05_ATL_HOU,HOU,ATL,REG,5,ATL,HOU,M.Bryant,35,grass,1.0,closed
2019_05_ATL_HOU,HOU,ATL,REG,5,HOU,ATL,K.Fairbairn,50,grass,1.0,closed
2019_05_ATL_HOU,HOU,ATL,REG,5,HOU,ATL,K.Fairbairn,26,grass,1.0,closed
2019_05_BAL_PIT,PIT,BAL,REG,5,BAL,PIT,J.Tucker,27,grass,1.0,outdoors
2019_05_BAL_PIT,PIT,BAL,REG,5,PIT,BAL,C.Boswell,41,grass,1.0,outdoors
2019_05_BAL_PIT,PIT,BAL,REG,5,PIT,BAL,C.Boswell,29,grass,1.0,outdoors
2019_05_BAL_PIT,PIT,BAL,REG,5,BAL,PIT,J.Tucker,26,grass,1.0,outdoors
2019_05_BAL_PIT,PIT,BAL,REG,5,PIT,BAL,C.Boswell,33,grass,1.0,outdoors
2019_05_BAL_PIT,PIT,BAL,REG,5,BAL,PIT,J.Tucker,48,grass,1.0,outdoors
2019_05_BAL_PIT,PIT,BAL,REG,5,BAL,PIT,J.Tucker,46,grass,1.0,outdoors
2019_05_BUF_TEN,TEN,BUF,REG,5,TEN,BUF,C.Santos,50,grass,0.0,outdoors
2019_05_BUF_TEN,TEN,BUF,REG,5,TEN,BUF,C.Santos,36,grass,0.0,outdoors
2019_05_BUF_TEN,TEN,BUF,REG,5,TEN,BUF,C.Santos,33,grass,0.0,outdoors
2019_05_BUF_TEN,TEN,BUF,REG,5,TEN,BUF,C.Santos,53,grass,0.0,outdoors
2019_05_CHI_OAK,LV,CHI,REG,5,LV,CHI,D.Carlson,41,grass,1.0,outdoors
2019_05_CLE_SF,SF,CLE,REG,5,SF,CLE,R.Gould,47,grass,0.0,outdoors
2019_05_CLE_SF,SF,CLE,REG,5,CLE,SF,A.Seibert,30,grass,1.0,outdoors
2019_05_CLE_SF,SF,CLE,REG,5,SF,CLE,R.Gould,52,grass,0.0,outdoors
2019_05_CLE_SF,SF,CLE,REG,5,SF,CLE,R.Gould,32,grass,0.0,outdoors
2019_05_CLE_SF,SF,CLE,REG,5,SF,CLE,R.Gould,44,grass,1.0,outdoors
2019_05_DEN_LAC,LAC,DEN,REG,5,LAC,DEN,C.McLaughlin,48,grass,0.0,outdoors
2019_05_DEN_LAC,LAC,DEN,REG,5,DEN,LAC,B.McManus,40,grass,1.0,outdoors
2019_05_DEN_LAC,LAC,DEN,REG,5,DEN,LAC,B.McManus,54,grass,0.0,outdoors
2019_05_DEN_LAC,LAC,DEN,REG,5,LAC,DEN,C.McLaughlin,45,grass,1.0,outdoors
2019_05_DEN_LAC,LAC,DEN,REG,5,DEN,LAC,B.McManus,46,grass,1.0,outdoors
2019_05_DEN_LAC,LAC,DEN,REG,5,LAC,DEN,C.McLaughlin,32,grass,1.0,outdoors
2019_05_GB_DAL,DAL,GB,REG,5,GB,DAL,M.Crosby,20,fieldturf,1.0,closed
2019_05_GB_DAL,DAL,GB,REG,5,DAL,GB,B.Maher,54,fieldturf,0.0,closed
2019_05_GB_DAL,DAL,GB,REG,5,DAL,GB,B.Maher,36,fieldturf,1.0,closed
2019_05_GB_DAL,DAL,GB,REG,5,GB,DAL,M.Crosby,38,fieldturf,1.0,closed
2019_05_GB_DAL,DAL,GB,REG,5,DAL,GB,B.Maher,33,fieldturf,0.0,closed
2019_05_IND_KC,KC,IND,REG,5,KC,IND,H.Butker,29,astroturf,1.0,outdoors
2019_05_IND_KC,KC,IND,REG,5,IND,KC,A.Vinatieri,32,astroturf,1.0,outdoors
2019_05_IND_KC,KC,IND,REG,5,IND,KC,A.Vinatieri,32,astroturf,1.0,outdoors
2019_05_IND_KC,KC,IND,REG,5,IND,KC,A.Vinatieri,31,astroturf,1.0,outdoors
2019_05_IND_KC,KC,IND,REG,5,IND,KC,A.Vinatieri,29,astroturf,1.0,outdoors
2019_05_IND_KC,KC,IND,REG,5,KC,IND,H.Butker,36,astroturf,1.0,outdoors
2019_05_JAX_CAR,CAR,JAX,REG,5,CAR,JAX,J.Slye,56,grass,0.0,outdoors
2019_05_JAX_CAR,CAR,JAX,REG,5,JAX,CAR,J.Lambo,35,grass,1.0,outdoors
2019_05_JAX_CAR,CAR,JAX,REG,5,CAR,JAX,J.Slye,46,grass,0.0,outdoors
2019_05_JAX_CAR,CAR,JAX,REG,5,JAX,CAR,J.Lambo,38,grass,1.0,outdoors
2019_05_LA_SEA,SEA,LA,REG,5,LA,SEA,G.Zuerlein,47,fieldturf,1.0,outdoors
2019_05_LA_SEA,SEA,LA,REG,5,LA,SEA,G.Zuerlein,32,fieldturf,1.0,outdoors
2019_05_LA_SEA,SEA,LA,REG,5,SEA,LA,J.Myers,48,fieldturf,0.0,outdoors
2019_05_LA_SEA,SEA,LA,REG,5,SEA,LA,J.Myers,42,fieldturf,1.0,outdoors
2019_05_LA_SEA,SEA,LA,REG,5,LA,SEA,G.Zuerlein,36,fieldturf,1.0,outdoors
2019_05_LA_SEA,SEA,LA,REG,5,LA,SEA,G.Zuerlein,44,fieldturf,0.0,outdoors
2019_05_MIN_NYG,NYG,MIN,REG,5,MIN,NYG,D.Bailey,31,fieldturf,1.0,outdoors
2019_05_MIN_NYG,NYG,MIN,REG,5,MIN,NYG,D.Bailey,48,fieldturf,1.0,outdoors
2019_05_MIN_NYG,NYG,MIN,REG,5,MIN,NYG,D.Bailey,32,fieldturf,1.0,outdoors
2019_05_MIN_NYG,NYG,MIN,REG,5,NYG,MIN,A.Rosas,32,fieldturf,1.0,outdoors
2019_05_MIN_NYG,NYG,MIN,REG,5,MIN,NYG,D.Bailey,45,fieldturf,1.0,outdoors
2019_05_NE_WAS,WAS,NE,REG,5,NE,WAS,M.Nugent,37,grass,1.0,outdoors
2019_05_NE_WAS,WAS,NE,REG,5,NE,WAS,M.Nugent,23,grass,1.0,outdoors
2019_05_NYJ_PHI,PHI,NYJ,REG,5,NYJ,PHI,S.Ficken,55,grass,0.0,outdoors
2019_05_NYJ_PHI,PHI,NYJ,REG,5,PHI,NYJ,J.Elliott,28,grass,1.0,outdoors
2019_05_TB_NO,NO,TB,REG,5,NO,TB,W.Lutz,29,astroturf,1.0,dome
2019_05_TB_NO,NO,TB,REG,5,TB,NO,M.Gay,42,astroturf,1.0,dome
2019_06_ATL_ARI,ARI,ATL,REG,6,ARI,ATL,Z.Gonzalez,39,grass,1.0,closed
2019_06_ATL_ARI,ARI,ATL,REG,6,ATL,ARI,M.Bryant,29,grass,1.0,closed
2019_06_ATL_ARI,ARI,ATL,REG,6,ARI,ATL,Z.Gonzalez,22,grass,1.0,closed
2019_06_ATL_ARI,ARI,ATL,REG,6,ATL,ARI,M.Bryant,44,grass,1.0,closed
2019_06_CAR_TB,TB,CAR,REG,6,CAR,TB,J.Slye,49,grass,1.0,outdoors
2019_06_CAR_TB,TB,CAR,REG,6,CAR,TB,J.Slye,60,grass,0.0,outdoors
2019_06_CAR_TB,TB,CAR,REG,6,CAR,TB,J.Slye,46,grass,1.0,outdoors
2019_06_CAR_TB,TB,CAR,REG,6,TB,CAR,M.Gay,54,grass,1.0,outdoors
2019_06_CAR_TB,TB,CAR,REG,6,CAR,TB,J.Slye,29,grass,1.0,outdoors
2019_06_CAR_TB,TB,CAR,REG,6,CAR,TB,J.Slye,41,grass,0.0,outdoors
2019_06_CIN_BAL,BAL,CIN,REG,6,BAL,CIN,J.Tucker,40,grass,1.0,outdoors
2019_06_CIN_BAL,BAL,CIN,REG,6,CIN,BAL,R.Bullock,22,grass,1.0,outdoors
2019_06_CIN_BAL,BAL,CIN,REG,6,BAL,CIN,J.Tucker,49,grass,1.0,outdoors
2019_06_CIN_BAL,BAL,CIN,REG,6,BAL,CIN,J.Tucker,21,grass,1.0,outdoors
2019_06_DAL_NYJ,NYJ,DAL,REG,6,DAL,NYJ,B.Maher,50,fieldturf,1.0,outdoors
2019_06_DAL_NYJ,NYJ,DAL,REG,6,DAL,NYJ,B.Maher,62,fieldturf,1.0,outdoors
2019_06_DAL_NYJ,NYJ,DAL,REG,6,DAL,NYJ,B.Maher,32,fieldturf,1.0,outdoors
2019_06_DAL_NYJ,NYJ,DAL,REG,6,DAL,NYJ,B.Maher,40,fieldturf,0.0,outdoors
2019_06_DAL_NYJ,NYJ,DAL,REG,6,NYJ,DAL,S.Ficken,38,fieldturf,1.0,outdoors
2019_06_DET_GB,GB,DET,REG,6,DET,GB,M.Prater,26,grass,1.0,outdoors
2019_06_DET_GB,GB,DET,REG,6,DET,GB,M.Prater,22,grass,1.0,outdoors
2019_06_DET_GB,GB,DET,REG,6,GB,DET,M.Crosby,37,grass,1.0,outdoors
2019_06_DET_GB,GB,DET,REG,6,GB,DET,M.Crosby,48,grass,1.0,outdoors
2019_06_DET_GB,GB,DET,REG,6,DET,GB,M.Prater,41,grass,1.0,outdoors
2019_06_DET_GB,GB,DET,REG,6,DET,GB,M.Prater,51,grass,1.0,outdoors
2019_06_DET_GB,GB,DET,REG,6,DET,GB,M.Prater,54,grass,1.0,outdoors
2019_06_DET_GB,GB,DET,REG,6,GB,DET,M.Crosby,23,grass,1.0,outdoors
2019_06_HOU_KC,KC,HOU,REG,6,KC,HOU,H.Butker,41,astroturf,1.0,outdoors
2019_06_HOU_KC,KC,HOU,REG,6,HOU,KC,K.Fairbairn,44,astroturf,1.0,outdoors
2019_06_HOU_KC,KC,HOU,REG,6,KC,HOU,H.Butker,50,astroturf,0.0,outdoors
2019_06_HOU_KC,KC,HOU,REG,6,HOU,KC,K.Fairbairn,46,astroturf,0.0,outdoors
2019_06_NO_JAX,JAX,NO,REG,6,NO,JAX,W.Lutz,47,grass,1.0,outdoors
2019_06_NO_JAX,JAX,NO,REG,6,JAX,NO,J.Lambo,22,grass,1.0,outdoors
2019_06_NO_JAX,JAX,NO,REG,6,NO,JAX,W.Lutz,21,grass,1.0,outdoors
2019_06_NO_JAX,JAX,NO,REG,6,JAX,NO,J.Lambo,32,grass,1.0,outdoors
2019_06_NYG_NE,NE,NYG,REG,6,NE,NYG,M.Nugent,40,grass,0.0,outdoors
2019_06_PHI_MIN,MIN,PHI,REG,6,MIN,PHI,D.Bailey,39,sportturf,1.0,dome
2019_06_PHI_MIN,MIN,PHI,REG,6,PHI,MIN,J.Elliott,53,sportturf,1.0,dome
2019_06_PHI_MIN,MIN,PHI,REG,6,PHI,MIN,J.Elliott,40,sportturf,1.0,dome
2019_06_PIT_LAC,LAC,PIT,REG,6,LAC,PIT,C.McLaughlin,43,grass,0.0,outdoors
2019_06_PIT_LAC,LAC,PIT,REG,6,PIT,LAC,C.Boswell,20,grass,1.0,outdoors
2019_06_PIT_LAC,LAC,PIT,REG,6,LAC,PIT,C.McLaughlin,38,grass,1.0,outdoors
2019_06_SEA_CLE,CLE,SEA,REG,6,SEA,CLE,J.Myers,38,grass,1.0,outdoors
2019_06_SEA_CLE,CLE,SEA,REG,6,SEA,CLE,J.Myers,20,grass,1.0,outdoors
2019_06_SF_LA,LA,SF,REG,6,SF,LA,R.Gould,55,grass,0.0,outdoors
2019_06_SF_LA,LA,SF,REG,6,SF,LA,R.Gould,25,grass,1.0,outdoors
2019_06_SF_LA,LA,SF,REG,6,SF,LA,R.Gould,34,grass,1.0,outdoors
2019_06_TEN_DEN,DEN,TEN,REG,6,DEN,TEN,B.McManus,31,grass,1.0,outdoors
2019_06_TEN_DEN,DEN,TEN,REG,6,DEN,TEN,B.McManus,53,grass,1.0,outdoors
2019_06_TEN_DEN,DEN,TEN,REG,6,DEN,TEN,B.McManus,48,grass,1.0,outdoors
2019_06_WAS_MIA,MIA,WAS,REG,6,MIA,WAS,J.Sanders,39,grass,1.0,outdoors
2019_06_WAS_MIA,MIA,WAS,REG,6,WAS,MIA,D.Hopkins,21,grass,1.0,outdoors
2019_06_WAS_MIA,MIA,WAS,REG,6,WAS,MIA,D.Hopkins,55,grass,0.0,outdoors
2019_07_ARI_NYG,NYG,ARI,REG,7,ARI,NYG,Z.Gonzalez,47,fieldturf,1.0,outdoors
2019_07_ARI_NYG,NYG,ARI,REG,7,NYG,ARI,A.Rosas,37,fieldturf,0.0,outdoors
2019_07_ARI_NYG,NYG,ARI,REG,7,ARI,NYG,Z.Gonzalez,35,fieldturf,1.0,outdoors
2019_07_BAL_SEA,SEA,BAL,REG,7,BAL,SEA,J.Tucker,25,fieldturf,1.0,outdoors
2019_07_BAL_SEA,SEA,BAL,REG,7,BAL,SEA,J.Tucker,28,fieldturf,1.0,outdoors
2019_07_BAL_SEA,SEA,BAL,REG,7,SEA,BAL,J.Myers,34,fieldturf,1.0,outdoors
2019_07_BAL_SEA,SEA,BAL,REG,7,SEA,BAL,J.Myers,31,fieldturf,1.0,outdoors
2019_07_BAL_SEA,SEA,BAL,REG,7,SEA,BAL,J.Myers,53,fieldturf,0.0,outdoors
2019_07_BAL_SEA,SEA,BAL,REG,7,BAL,SEA,J.Tucker,22,fieldturf,1.0,outdoors
2019_07_BAL_SEA,SEA,BAL,REG,7,SEA,BAL,J.Myers,35,fieldturf,1.0,outdoors
2019_07_HOU_IND,IND,HOU,REG,7,HOU,IND,K.Fairbairn,47,fieldturf,1.0,open
2019_07_HOU_IND,IND,HOU,REG,7,HOU,IND,K.Fairbairn,31,fieldturf,1.0,open
2019_07_HOU_IND,IND,HOU,REG,7,HOU,IND,K.Fairbairn,26,fieldturf,1.0,open
2019_07_JAX_CIN,CIN,JAX,REG,7,JAX,CIN,J.Lambo,21,grass,1.0,outdoors
2019_07_JAX_CIN,CIN,JAX,REG,7,JAX,CIN,J.Lambo,29,grass,1.0,outdoors
2019_07_JAX_CIN,CIN,JAX,REG,7,JAX,CIN,J.Lambo,37,grass,1.0,outdoors
2019_07_JAX_CIN,CIN,JAX,REG,7,CIN,JAX,R.Bullock,38,grass,1.0,outdoors
2019_07_JAX_CIN,CIN,JAX,REG,7,JAX,CIN,J.Lambo,26,grass,1.0,outdoors
2019_07_KC_DEN,DEN,KC,REG,7,KC,DEN,H.Butker,33,grass,1.0,outdoors
2019_07_KC_DEN,DEN,KC,REG,7,KC,DEN,H.Butker,20,grass,1.0,outdoors
2019_07_KC_DEN,DEN,KC,REG,7,DEN,KC,B.McManus,45,grass,0.0,outdoors
2019_07_KC_DEN,DEN,KC,REG,7,KC,DEN,H.Butker,39,grass,1.0,outdoors
2019_07_LA_ATL,ATL,LA,REG,7,ATL,LA,M.Bryant,52,fieldturf,1.0,open
2019_07_LA_ATL,ATL,LA,REG,7,LA,ATL,G.Zuerlein,40,fieldturf,0.0,open
2019_07_LA_ATL,ATL,LA,REG,7,LA,ATL,G.Zuerlein,55,fieldturf,1.0,open
2019_07_LA_ATL,ATL,LA,REG,7,LA,ATL,G.Zuerlein,25,fieldturf,1.0,open
2019_07_LA_ATL,ATL,LA,REG,7,ATL,LA,M.Bryant,50,fieldturf,0.0,open
2019_07_LA_ATL,ATL,LA,REG,7,LA,ATL,G.Zuerlein,20,fieldturf,1.0,open
2019_07_LAC_TEN,TEN,LAC,REG,7,TEN,LAC,C.Parkey,45,grass,1.0,outdoors
2019_07_LAC_TEN,TEN,LAC,REG,7,LAC,TEN,C.McLaughlin,29,grass,1.0,outdoors
2019_07_LAC_TEN,TEN,LAC,REG,7,LAC,TEN,C.McLaughlin,50,grass,1.0,outdoors
2019_07_MIA_BUF,BUF,MIA,REG,7,BUF,MIA,S.Hauschka,39,astroturf,1.0,outdoors
2019_07_MIA_BUF,BUF,MIA,REG,7,BUF,MIA,S.Hauschka,43,astroturf,1.0,outdoors
2019_07_MIA_BUF,BUF,MIA,REG,7,BUF,MIA,S.Hauschka,45,astroturf,1.0,outdoors
2019_07_MIN_DET,DET,MIN,REG,7,DET,MIN,M.Prater,46,fieldturf,1.0,dome
2019_07_MIN_DET,DET,MIN,REG,7,MIN,DET,D.Bailey,45,fieldturf,0.0,dome
2019_07_NE_NYJ,NYJ,NE,REG,7,NE,NYJ,M.Nugent,34,fieldturf,1.0,outdoors
2019_07_NO_CHI,CHI,NO,REG,7,CHI,NO,E.Pineiro,46,grass,1.0,outdoors
2019_07_NO_CHI,CHI,NO,REG,7,NO,CHI,W.Lutz,39,grass,1.0,outdoors
2019_07_NO_CHI,CHI,NO,REG,7,NO,CHI,W.Lutz,42,grass,0.0,outdoors
2019_07_NO_CHI,CHI,NO,REG,7,NO,CHI,W.Lutz,52,grass,0.0,outdoors
2019_07_NO_CHI,CHI,NO,REG,7,NO,CHI,W.Lutz,30,grass,1.0,outdoors
2019_07_OAK_GB,GB,LV,REG,7,LV,GB,D.Carlson,45,grass,1.0,outdoors
2019_07_PHI_DAL,DAL,PHI,REG,7,DAL,PHI,B.Maher,26,fieldturf,1.0,closed
2019_07_PHI_DAL,DAL,PHI,REG,7,DAL,PHI,B.Maher,63,fieldturf,1.0,closed
2019_07_PHI_DAL,DAL,PHI,REG,7,PHI,DAL,J.Elliott,38,fieldturf,1.0,closed
2019_07_PHI_DAL,DAL,PHI,REG,7,DAL,PHI,B.Maher,29,fieldturf,1.0,closed
2019_07_SF_WAS,WAS,SF,REG,7,WAS,SF,D.Hopkins,39,grass,0.0,outdoors
2019_07_SF_WAS,WAS,SF,REG,7,SF,WAS,R.Gould,45,grass,0.0,outdoors
2019_07_SF_WAS,WAS,SF,REG,7,SF,WAS,R.Gould,28,grass,1.0,outdoors
2019_07_SF_WAS,WAS,SF,REG,7,SF,WAS,R.Gould,22,grass,1.0,outdoors
2019_07_SF_WAS,WAS,SF,REG,7,SF,WAS,R.Gould,29,grass,1.0,outdoors
2019_08_ARI_NO,NO,ARI,REG,8,NO,ARI,W.Lutz,47,astroturf,0.0,dome
2019_08_ARI_NO,NO,ARI,REG,8,ARI,NO,Z.Gonzalez,31,astroturf,1.0,dome
2019_08_ARI_NO,NO,ARI,REG,8,NO,ARI,W.Lutz,26,astroturf,1.0,dome
2019_08_ARI_NO,NO,ARI,REG,8,ARI,NO,Z.Gonzalez,31,astroturf,1.0,dome
2019_08_ARI_NO,NO,ARI,REG,8,ARI,NO,Z.Gonzalez,50,astroturf,1.0,dome
2019_08_CAR_SF,SF,CAR,REG,8,CAR,SF,J.Slye,41,grass,1.0,outdoors
2019_08_CAR_SF,SF,CAR,REG,8,SF,CAR,R.Gould,20,grass,1.0,outdoors
2019_08_CIN_LA,LA,CIN,REG,8,LA,CIN,G.Zuerlein,23,grass,1.0,outdoors
2019_08_CIN_LA,LA,CIN,REG,8,CIN,LA,R.Bullock,28,grass,1.0,outdoors
2019_08_CLE_NE,NE,CLE,REG,8,NE,CLE,M.Nugent,20,grass,1.0,outdoors
2019_08_CLE_NE,NE,CLE,REG,8,NE,CLE,M.Nugent,29,grass,0.0,outdoors
2019_08_CLE_NE,NE,CLE,REG,8,CLE,NE,A.Seibert,38,grass,1.0,outdoors
2019_08_CLE_NE,NE,CLE,REG,8,NE,CLE,M.Nugent,29,grass,1.0,outdoors
2019_08_CLE_NE,NE,CLE,REG,8,NE,CLE,M.Nugent,34,grass,0.0,outdoors
2019_08_CLE_NE,NE,CLE,REG,8,CLE,NE,A.Seibert,47,grass,1.0,outdoors
2019_08_DEN_IND,IND,DEN,REG,8,IND,DEN,A.Vinatieri,45,fieldturf,0.0,open
2019_08_DEN_IND,IND,DEN,REG,8,DEN,IND,B.McManus,21,fieldturf,1.0,open
2019_08_DEN_IND,IND,DEN,REG,8,DEN,IND,B.McManus,29,fieldturf,1.0,open
2019_08_DEN_IND,IND,DEN,REG,8,IND,DEN,A.Vinatieri,55,fieldturf,1.0,open
2019_08_DEN_IND,IND,DEN,REG,8,IND,DEN,A.Vinatieri,45,fieldturf,1.0,open
2019_08_DEN_IND,IND,DEN,REG,8,IND,DEN,A.Vinatieri,51,fieldturf,1.0,open
2019_08_GB_KC,KC,GB,REG,8,KC,GB,H.Butker,50,astroturf,0.0,outdoors
2019_08_GB_KC,KC,GB,REG,8,KC,GB,H.Butker,28,astroturf,1.0,outdoors
2019_08_GB_KC,KC,GB,REG,8,GB,KC,M.Crosby,35,astroturf,1.0,outdoors
2019_08_LAC_CHI,CHI,LAC,REG,8,CHI,LAC,E.Pineiro,33,grass,0.0,outdoors
2019_08_LAC_CHI,CHI,LAC,REG,8,CHI,LAC,E.Pineiro,22,grass,1.0,outdoors
2019_08_LAC_CHI,CHI,LAC,REG,8,CHI,LAC,E.Pineiro,25,grass,1.0,outdoors
2019_08_LAC_CHI,CHI,LAC,REG,8,CHI,LAC,E.Pineiro,19,grass,1.0,outdoors
2019_08_LAC_CHI,CHI,LAC,REG,8,LAC,CHI,C.McLaughlin,20,grass,1.0,outdoors
2019_08_LAC_CHI,CHI,LAC,REG,8,LAC,CHI,C.McLaughlin,42,grass,0.0,outdoors
2019_08_LAC_CHI,CHI,LAC,REG,8,CHI,LAC,E.Pineiro,41,grass,0.0,outdoors
2019_08_MIA_PIT,PIT,MIA,REG,8,PIT,MIA,C.Boswell,42,grass,1.0,outdoors
2019_08_MIA_PIT,PIT,MIA,REG,8,PIT,MIA,C.Boswell,54,grass,0.0,outdoors
2019_08_MIA_PIT,PIT,MIA,REG,8,PIT,MIA,C.Boswell,41,grass,1.0,outdoors
2019_08_NYG_DET,DET,NYG,REG,8,DET,NYG,M.Prater,53,fieldturf,0.0,dome
2019_08_NYG_DET,DET,NYG,REG,8,DET,NYG,M.Prater,52,fieldturf,1.0,dome
2019_08_NYJ_JAX,JAX,NYJ,REG,8,JAX,NYJ,J.Lambo,29,grass,1.0,outdoors
2019_08_NYJ_JAX,JAX,NYJ,REG,8,JAX,NYJ,J.Lambo,43,grass,1.0,outdoors
2019_08_NYJ_JAX,JAX,NYJ,REG,8,JAX,NYJ,J.Lambo,24,grass,1.0,outdoors
2019_08_OAK_HOU,HOU,LV,REG,8,HOU,LV,K.Fairbairn,33,grass,1.0,closed
2019_08_OAK_HOU,HOU,LV,REG,8,HOU,LV,K.Fairbairn,40,grass,1.0,closed
2019_08_OAK_HOU,HOU,LV,REG,8,LV,HOU,D.Carlson,44,grass,1.0,closed
2019_08_PHI_BUF,BUF,PHI,REG,8,PHI,BUF,J.Elliott,37,astroturf,1.0,outdoors
2019_08_PHI_BUF,BUF,PHI,REG,8,BUF,PHI,S.Hauschka,53,astroturf,,outdoors
2019_08_SEA_ATL,ATL,SEA,REG,8,SEA,ATL,J.Myers,42,fieldturf,1.0,open
2019_08_SEA_ATL,ATL,SEA,REG,8,ATL,SEA,M.Bryant,51,fieldturf,0.0,open
2019_08_SEA_ATL,ATL,SEA,REG,8,ATL,SEA,M.Bryant,53,fieldturf,0.0,open
2019_08_SEA_ATL,ATL,SEA,REG,8,ATL,SEA,M.Bryant,47,fieldturf,1.0,open
2019_08_SEA_ATL,ATL,SEA,REG,8,SEA,ATL,J.Myers,54,fieldturf,1.0,open
2019_08_SEA_ATL,ATL,SEA,REG,8,ATL,SEA,M.Bryant,37,fieldturf,1.0,open
2019_08_TB_TEN,TEN,TB,REG,8,TB,TEN,M.Gay,22,grass,1.0,outdoors
2019_08_TB_TEN,TEN,TB,REG,8,TB,TEN,M.Gay,48,grass,1.0,outdoors
2019_08_TB_TEN,TEN,TB,REG,8,TB,TEN,M.Gay,24,grass,1.0,outdoors
2019_08_TB_TEN,TEN,TB,REG,8,TEN,TB,C.Parkey,51,grass,1.0,outdoors
2019_08_TB_TEN,TEN,TB,REG,8,TEN,TB,C.Parkey,42,grass,1.0,outdoors
2019_08_WAS_MIN,MIN,WAS,REG,8,MIN,WAS,D.Bailey,50,sportturf,1.0,dome
2019_08_WAS_MIN,MIN,WAS,REG,8,WAS,MIN,D.Hopkins,21,sportturf,1.0,dome
2019_08_WAS_MIN,MIN,WAS,REG,8,MIN,WAS,D.Bailey,29,sportturf,1.0,dome
2019_08_WAS_MIN,MIN,WAS,REG,8,WAS,MIN,D.Hopkins,30,sportturf,1.0,dome
2019_08_WAS_MIN,MIN,WAS,REG,8,MIN,WAS,D.Bailey,27,sportturf,1.0,dome
2019_08_WAS_MIN,MIN,WAS,REG,8,WAS,MIN,D.Hopkins,43,sportturf,1.0,dome
2019_08_WAS_MIN,MIN,WAS,REG,8,MIN,WAS,D.Bailey,40,sportturf,1.0,dome
2019_09_CHI_PHI,PHI,CHI,REG,9,PHI,CHI,J.Elliott,28,grass,1.0,outdoors
2019_09_CHI_PHI,PHI,CHI,REG,9,PHI,CHI,J.Elliott,28,grass,1.0,outdoors
2019_09_CHI_PHI,PHI,CHI,REG,9,PHI,CHI,J.Elliott,38,grass,1.0,outdoors
2019_09_CLE_DEN,DEN,CLE,REG,9,CLE,DEN,A.Seibert,39,grass,1.0,outdoors
2019_09_CLE_DEN,DEN,CLE,REG,9,CLE,DEN,A.Seibert,30,grass,1.0,outdoors
2019_09_CLE_DEN,DEN,CLE,REG,9,CLE,DEN,A.Seibert,27,grass,1.0,outdoors
2019_09_CLE_DEN,DEN,CLE,REG,9,DEN,CLE,B.McManus,43,grass,1.0,outdoors
2019_09_CLE_DEN,DEN,CLE,REG,9,CLE,DEN,A.Seibert,30,grass,1.0,outdoors
2019_09_DAL_NYG,NYG,DAL,REG,9,NYG,DAL,A.Rosas,21,fieldturf,1.0,outdoors
2019_09_DAL_NYG,NYG,DAL,REG,9,DAL,NYG,B.Maher,35,fieldturf,1.0,outdoors
2019_09_DAL_NYG,NYG,DAL,REG,9,DAL,NYG,B.Maher,54,fieldturf,0.0,outdoors
2019_09_DAL_NYG,NYG,DAL,REG,9,NYG,DAL,A.Rosas,25,fieldturf,1.0,outdoors
2019_09_DAL_NYG,NYG,DAL,REG,9,DAL,NYG,B.Maher,52,fieldturf,1.0,outdoors
2019_09_DAL_NYG,NYG,DAL,REG,9,DAL,NYG,B.Maher,28,fieldturf,1.0,outdoors
2019_09_DAL_NYG,NYG,DAL,REG,9,NYG,DAL,A.Rosas,26,fieldturf,1.0,outdoors
2019_09_DET_OAK,LV,DET,REG,9,LV,DET,D.Carlson,32,grass,1.0,outdoors
2019_09_DET_OAK,LV,DET,REG,9,LV,DET,D.Carlson,45,grass,0.0,outdoors
2019_09_DET_OAK,LV,DET,REG,9,DET,LV,M.Prater,23,grass,1.0,outdoors
2019_09_GB_LAC,LAC,GB,REG,9,LAC,GB,M.Badgley,29,grass,1.0,outdoors
2019_09_GB_LAC,LAC,GB,REG,9,LAC,GB,M.Badgley,40,grass,1.0,outdoors
2019_09_GB_LAC,LAC,GB,REG,9,LAC,GB,M.Badgley,34,grass,1.0,outdoors
2019_09_GB_LAC,LAC,GB,REG,9,LAC,GB,M.Badgley,43,grass,1.0,outdoors
2019_09_GB_LAC,LAC,GB,REG,9,GB,LAC,M.Crosby,54,grass,1.0,outdoors
2019_09_GB_LAC,LAC,GB,REG,9,LAC,GB,M.Badgley,44,grass,0.0,outdoors
2019_09_HOU_JAX,JAX,HOU,REG,9,HOU,JAX,K.Fairbairn,52,grass,1.0,outdoors
2019_09_HOU_JAX,JAX,HOU,REG,9,JAX,HOU,J.Lambo,30,grass,1.0,outdoors
2019_09_HOU_JAX,JAX,HOU,REG,9,HOU,JAX,K.Fairbairn,58,grass,0.0,outdoors
2019_09_HOU_JAX,JAX,HOU,REG,9,HOU,JAX,K.Fairbairn,42,grass,1.0,outdoors
2019_09_IND_PIT,PIT,IND,REG,9,IND,PIT,A.Vinatieri,25,grass,1.0,outdoors
2019_09_IND_PIT,PIT,IND,REG,9,PIT,IND,C.Boswell,21,grass,1.0,outdoors
2019_09_IND_PIT,PIT,IND,REG,9,PIT,IND,C.Boswell,51,grass,1.0,outdoors
2019_09_IND_PIT,PIT,IND,REG,9,PIT,IND,C.Boswell,33,grass,1.0,outdoors
2019_09_IND_PIT,PIT,IND,REG,9,PIT,IND,C.Boswell,26,grass,1.0,outdoors
2019_09_IND_PIT,PIT,IND,REG,9,IND,PIT,A.Vinatieri,43,grass,0.0,outdoors
2019_09_MIN_KC,KC,MIN,REG,9,KC,MIN,H.Butker,24,astroturf,1.0,outdoors
2019_09_MIN_KC,KC,MIN,REG,9,MIN,KC,D.Bailey,29,astroturf,1.0,outdoors
2019_09_MIN_KC,KC,MIN,REG,9,KC,MIN,H.Butker,45,astroturf,1.0,outdoors
2019_09_MIN_KC,KC,MIN,REG,9,KC,MIN,H.Butker,54,astroturf,1.0,outdoors
2019_09_MIN_KC,KC,MIN,REG,9,KC,MIN,H.Butker,44,astroturf,1.0,outdoors
2019_09_NE_BAL,BAL,NE,REG,9,BAL,NE,J.Tucker,39,grass,1.0,outdoors
2019_09_NE_BAL,BAL,NE,REG,9,NE,BAL,N.Folk,22,grass,1.0,outdoors
2019_09_NE_BAL,BAL,NE,REG,9,NE,BAL,N.Folk,19,grass,1.0,outdoors
2019_09_NYJ_MIA,MIA,NYJ,REG,9,NYJ,MIA,S.Ficken,49,grass,0.0,outdoors
2019_09_NYJ_MIA,MIA,NYJ,REG,9,NYJ,MIA,S.Ficken,52,grass,1.0,outdoors
2019_09_NYJ_MIA,MIA,NYJ,REG,9,MIA,NYJ,J.Sanders,49,grass,0.0,outdoors
2019_09_NYJ_MIA,MIA,NYJ,REG,9,NYJ,MIA,S.Ficken,40,grass,1.0,outdoors
2019_09_NYJ_MIA,MIA,NYJ,REG,9,MIA,NYJ,J.Sanders,26,grass,1.0,outdoors
2019_09_NYJ_MIA,MIA,NYJ,REG,9,NYJ,MIA,S.Ficken,29,grass,1.0,outdoors
2019_09_SF_ARI,ARI,SF,REG,9,ARI,SF,Z.Gonzalez,36,grass,1.0,closed
2019_09_TB_SEA,SEA,TB,REG,9,SEA,TB,J.Myers,47,fieldturf,0.0,outdoors
2019_09_TB_SEA,SEA,TB,REG,9,TB,SEA,M.Gay,50,fieldturf,0.0,outdoors
2019_09_TB_SEA,SEA,TB,REG,9,TB,SEA,M.Gay,41,fieldturf,1.0,outdoors
2019_09_TB_SEA,SEA,TB,REG,9,SEA,TB,J.Myers,37,fieldturf,1.0,outdoors
2019_09_TB_SEA,SEA,TB,REG,9,SEA,TB,J.Myers,22,fieldturf,1.0,outdoors
2019_09_TB_SEA,SEA,TB,REG,9,TB,SEA,M.Gay,45,fieldturf,1.0,outdoors
2019_09_TB_SEA,SEA,TB,REG,9,SEA,TB,J.Myers,40,fieldturf,0.0,outdoors
2019_09_TEN_CAR,CAR,TEN,REG,9,TEN,CAR,R.Succop,43,grass,0.0,outdoors
2019_09_TEN_CAR,CAR,TEN,REG,9,CAR,TEN,J.Slye,35,grass,1.0,outdoors
2019_09_TEN_CAR,CAR,TEN,REG,9,TEN,CAR,R.Succop,56,grass,0.0,outdoors
2019_09_TEN_CAR,CAR,TEN,REG,9,CAR,TEN,J.Slye,49,grass,0.0,outdoors
2019_09_TEN_CAR,CAR,TEN,REG,9,TEN,CAR,R.Succop,44,grass,0.0,outdoors
2019_09_WAS_BUF,BUF,WAS,REG,9,BUF,WAS,S.Hauschka,42,astroturf,1.0,outdoors
2019_09_WAS_BUF,BUF,WAS,REG,9,WAS,BUF,D.Hopkins,29,astroturf,1.0,outdoors
2019_09_WAS_BUF,BUF,WAS,REG,9,WAS,BUF,D.Hopkins,33,astroturf,1.0,outdoors
2019_09_WAS_BUF,BUF,WAS,REG,9,WAS,BUF,D.Hopkins,39,astroturf,1.0,outdoors
2019_10_ARI_TB,TB,ARI,REG,10,ARI,TB,Z.Gonzalez,37,grass,1.0,outdoors
2019_10_ARI_TB,TB,ARI,REG,10,ARI,TB,Z.Gonzalez,54,grass,1.0,outdoors
2019_10_ARI_TB,TB,ARI,REG,10,TB,ARI,M.Gay,30,grass,1.0,outdoors
2019_10_ARI_TB,TB,ARI,REG,10,TB,ARI,M.Gay,45,grass,1.0,outdoors
2019_10_ARI_TB,TB,ARI,REG,10,TB,ARI,M.Gay,41,grass,1.0,outdoors
2019_10_ATL_NO,NO,ATL,REG,10,ATL,NO,Y.Koo,37,astroturf,1.0,dome
2019_10_ATL_NO,NO,ATL,REG,10,NO,ATL,W.Lutz,29,astroturf,1.0,dome
2019_10_ATL_NO,NO,ATL,REG,10,ATL,NO,Y.Koo,36,astroturf,1.0,dome
2019_10_ATL_NO,NO,ATL,REG,10,NO,ATL,W.Lutz,47,astroturf,1.0,dome
2019_10_ATL_NO,NO,ATL,REG,10,NO,ATL,W.Lutz,28,astroturf,1.0,dome
2019_10_ATL_NO,NO,ATL,REG,10,ATL,NO,Y.Koo,48,astroturf,1.0,dome
2019_10_ATL_NO,NO,ATL,REG,10,ATL,NO,Y.Koo,30,astroturf,1.0,dome
2019_10_BAL_CIN,CIN,BAL,REG,10,CIN,BAL,R.Bullock,42,grass,1.0,outdoors
2019_10_BAL_CIN,CIN,BAL,REG,10,CIN,BAL,R.Bullock,39,grass,1.0,outdoors
2019_10_BUF_CLE,CLE,BUF,REG,10,CLE,BUF,A.Seibert,27,grass,1.0,outdoors
2019_10_BUF_CLE,CLE,BUF,REG,10,BUF,CLE,S.Hauschka,34,grass,0.0,outdoors
2019_10_BUF_CLE,CLE,BUF,REG,10,CLE,BUF,A.Seibert,47,grass,1.0,outdoors
2019_10_BUF_CLE,CLE,BUF,REG,10,BUF,CLE,S.Hauschka,53,grass,0.0,outdoors
2019_10_CAR_GB,GB,CAR,REG,10,CAR,GB,J.Slye,50,grass,1.0,outdoors
2019_10_CAR_GB,GB,CAR,REG,10,GB,CAR,M.Crosby,47,grass,1.0,outdoors
2019_10_DET_CHI,CHI,DET,REG,10,DET,CHI,M.Prater,22,grass,1.0,outdoors
2019_10_DET_CHI,CHI,DET,REG,10,DET,CHI,M.Prater,54,grass,1.0,outdoors
2019_10_KC_TEN,TEN,KC,REG,10,KC,TEN,H.Butker,30,grass,1.0,outdoors
2019_10_KC_TEN,TEN,KC,REG,10,KC,TEN,H.Butker,41,grass,1.0,outdoors
2019_10_KC_TEN,TEN,KC,REG,10,KC,TEN,H.Butker,43,grass,1.0,outdoors
2019_10_KC_TEN,TEN,KC,REG,10,KC,TEN,H.Butker,39,grass,1.0,outdoors
2019_10_KC_TEN,TEN,KC,REG,10,KC,TEN,H.Butker,52,grass,0.0,outdoors
2019_10_LA_PIT,PIT,LA,REG,10,LA,PIT,G.Zuerlein,56,grass,0.0,outdoors
2019_10_LA_PIT,PIT,LA,REG,10,LA,PIT,G.Zuerlein,30,grass,1.0,outdoors
2019_10_LA_PIT,PIT,LA,REG,10,PIT,LA,C.Boswell,33,grass,1.0,outdoors
2019_10_LAC_OAK,LV,LAC,REG,10,LV,LAC,D.Carlson,40,grass,1.0,outdoors
2019_10_LAC_OAK,LV,LAC,REG,10,LV,LAC,D.Carlson,22,grass,1.0,outdoors
2019_10_LAC_OAK,LV,LAC,REG,10,LV,LAC,D.Carlson,53,grass,0.0,outdoors
2019_10_LAC_OAK,LV,LAC,REG,10,LAC,LV,M.Badgley,27,grass,1.0,outdoors
2019_10_MIA_IND,IND,MIA,REG,10,MIA,IND,J.Sanders,47,fieldturf,1.0,closed
2019_10_MIA_IND,IND,MIA,REG,10,IND,MIA,A.Vinatieri,25,fieldturf,1.0,closed
2019_10_MIA_IND,IND,MIA,REG,10,IND,MIA,A.Vinatieri,39,fieldturf,1.0,closed
2019_10_MIA_IND,IND,MIA,REG,10,MIA,IND,J.Sanders,48,fieldturf,1.0,closed
2019_10_MIA_IND,IND,MIA,REG,10,MIA,IND,J.Sanders,48,fieldturf,1.0,closed
2019_10_MIN_DAL,DAL,MIN,REG,10,DAL,MIN,B.Maher,57,fieldturf,0.0,closed
2019_10_MIN_DAL,DAL,MIN,REG,10,MIN,DAL,D.Bailey,26,fieldturf,1.0,closed
2019_10_MIN_DAL,DAL,MIN,REG,10,MIN,DAL,D.Bailey,27,fieldturf,1.0,closed
2019_10_MIN_DAL,DAL,MIN,REG,10,DAL,MIN,B.Maher,23,fieldturf,1.0,closed
2019_10_NYG_NYJ,NYJ,NYG,REG,10,NYJ,NYG,S.Ficken,54,fieldturf,0.0,outdoors
2019_10_NYG_NYJ,NYJ,NYG,REG,10,NYJ,NYG,S.Ficken,53,fieldturf,1.0,outdoors
2019_10_NYG_NYJ,NYJ,NYG,REG,10,NYJ,NYG,S.Ficken,35,fieldturf,1.0,outdoors
2019_10_SEA_SF,SF,SEA,REG,10,SF,SEA,C.McLaughlin,43,grass,1.0,outdoors
2019_10_SEA_SF,SF,SEA,REG,10,SF,SEA,C.McLaughlin,39,grass,1.0,outdoors
2019_10_SEA_SF,SF,SEA,REG,10,SEA,SF,J.Myers,46,grass,1.0,outdoors
2019_10_SEA_SF,SF,SEA,REG,10,SF,SEA,C.McLaughlin,47,grass,1.0,outdoors
2019_10_SEA_SF,SF,SEA,REG,10,SF,SEA,C.McLaughlin,47,grass,0.0,outdoors
2019_10_SEA_SF,SF,SEA,REG,10,SEA,SF,J.Myers,42,grass,1.0,outdoors
2019_11_ARI_SF,SF,ARI,REG,11,ARI,SF,Z.Gonzalez,26,grass,1.0,outdoors
2019_11_ARI_SF,SF,ARI,REG,11,SF,ARI,C.McLaughlin,43,grass,1.0,outdoors
2019_11_ARI_SF,SF,ARI,REG,11,ARI,SF,Z.Gonzalez,43,grass,1.0,outdoors
2019_11_ATL_CAR,CAR,ATL,REG,11,ATL,CAR,Y.Koo,38,grass,1.0,outdoors
2019_11_ATL_CAR,CAR,ATL,REG,11,ATL,CAR,Y.Koo,38,grass,0.0,outdoors
2019_11_ATL_CAR,CAR,ATL,REG,11,ATL,CAR,Y.Koo,23,grass,1.0,outdoors
2019_11_ATL_CAR,CAR,ATL,REG,11,CAR,ATL,J.Slye,31,grass,1.0,outdoors
2019_11_ATL_CAR,CAR,ATL,REG,11,ATL,CAR,Y.Koo,29,grass,1.0,outdoors
2019_11_BUF_MIA,MIA,BUF,REG,11,BUF,MIA,S.Hauschka,51,grass,1.0,outdoors
2019_11_BUF_MIA,MIA,BUF,REG,11,BUF,MIA,S.Hauschka,34,grass,1.0,outdoors
2019_11_BUF_MIA,MIA,BUF,REG,11,BUF,MIA,S.Hauschka,21,grass,1.0,outdoors
2019_11_CHI_LA,LA,CHI,REG,11,CHI,LA,E.Pineiro,48,grass,0.0,outdoors
2019_11_CHI_LA,LA,CHI,REG,11,CHI,LA,E.Pineiro,47,grass,0.0,outdoors
2019_11_CHI_LA,LA,CHI,REG,11,LA,CHI,G.Zuerlein,38,grass,1.0,outdoors
2019_11_CIN_OAK,LV,CIN,REG,11,CIN,LV,R.Bullock,53,grass,0.0,outdoors
2019_11_CIN_OAK,LV,CIN,REG,11,CIN,LV,R.Bullock,40,grass,1.0,outdoors
2019_11_CIN_OAK,LV,CIN,REG,11,LV,CIN,D.Carlson,20,grass,1.0,outdoors
2019_11_DAL_DET,DET,DAL,REG,11,DAL,DET,B.Maher,30,fieldturf,1.0,dome
2019_11_DAL_DET,DET,DAL,REG,11,DAL,DET,B.Maher,34,fieldturf,1.0,dome
2019_11_DEN_MIN,MIN,DEN,REG,11,DEN,MIN,B.McManus,47,sportturf,1.0,dome
2019_11_DEN_MIN,MIN,DEN,REG,11,DEN,MIN,B.McManus,29,sportturf,1.0,dome
2019_11_DEN_MIN,MIN,DEN,REG,11,DEN,MIN,B.McManus,41,sportturf,1.0,dome
2019_11_DEN_MIN,MIN,DEN,REG,11,DEN,MIN,B.McManus,43,sportturf,0.0,dome
2019_11_HOU_BAL,BAL,HOU,REG,11,BAL,HOU,J.Tucker,43,grass,0.0,outdoors
2019_11_HOU_BAL,BAL,HOU,REG,11,HOU,BAL,K.Fairbairn,43,grass,0.0,outdoors
2019_11_HOU_BAL,BAL,HOU,REG,11,BAL,HOU,J.Tucker,34,grass,1.0,outdoors
2019_11_HOU_BAL,BAL,HOU,REG,11,BAL,HOU,J.Tucker,46,grass,1.0,outdoors
2019_11_JAX_IND,IND,JAX,REG,11,IND,JAX,A.Vinatieri,34,fieldturf,1.0,closed
2019_11_JAX_IND,IND,JAX,REG,11,JAX,IND,J.Lambo,46,fieldturf,0.0,closed
2019_11_KC_LAC,LAC,KC,REG,11,LAC,KC,M.Badgley,27,grass,1.0,outdoors
2019_11_KC_LAC,LAC,KC,REG,11,LAC,KC,M.Badgley,26,grass,1.0,outdoors
2019_11_KC_LAC,LAC,KC,REG,11,KC,LAC,H.Butker,41,grass,1.0,outdoors
2019_11_KC_LAC,LAC,KC,REG,11,LAC,KC,M.Badgley,49,grass,1.0,outdoors
2019_11_NE_PHI,PHI,NE,REG,11,PHI,NE,J.Elliott,42,grass,1.0,outdoors
2019_11_NE_PHI,PHI,NE,REG,11,NE,PHI,N.Folk,35,grass,1.0,outdoors
2019_11_NE_PHI,PHI,NE,REG,11,NE,PHI,N.Folk,22,grass,1.0,outdoors
2019_11_NE_PHI,PHI,NE,REG,11,NE,PHI,N.Folk,39,grass,1.0,outdoors
2019_11_NO_TB,TB,NO,REG,11,NO,TB,W.Lutz,44,grass,1.0,outdoors
2019_11_NO_TB,TB,NO,REG,11,NO,TB,W.Lutz,26,grass,1.0,outdoors
2019_11_NO_TB,TB,NO,REG,11,TB,NO,M.Gay,55,grass,1.0,outdoors
2019_11_NYJ_WAS,WAS,NYJ,REG,11,WAS,NYJ,D.Hopkins,44,grass,1.0,outdoors
2019_11_NYJ_WAS,WAS,NYJ,REG,11,WAS,NYJ,D.Hopkins,29,grass,0.0,outdoors
2019_11_NYJ_WAS,WAS,NYJ,REG,11,NYJ,WAS,S.Ficken,49,grass,0.0,outdoors
2019_11_PIT_CLE,CLE,PIT,REG,11,PIT,CLE,C.Boswell,44,grass,0.0,outdoors
2019_11_PIT_CLE,CLE,PIT,REG,11,CLE,PIT,A.Seibert,45,grass,0.0,outdoors
2019_11_PIT_CLE,CLE,PIT,REG,11,CLE,PIT,A.Seibert,50,grass,0.0,outdoors
2019_12_BAL_LA,LA,BAL,REG,12,LA,BAL,G.Zuerlein,32,grass,1.0,outdoors
2019_12_BAL_LA,LA,BAL,REG,12,LA,BAL,G.Zuerlein,46,grass,1.0,outdoors
2019_12_BAL_LA,LA,BAL,REG,12,BAL,LA,J.Tucker,34,grass,1.0,outdoors
2019_12_CAR_NO,NO,CAR,REG,12,NO,CAR,W.Lutz,41,astroturf,1.0,dome
2019_12_CAR_NO,NO,CAR,REG,12,CAR,NO,J.Slye,41,astroturf,1.0,dome
2019_12_CAR_NO,NO,CAR,REG,12,CAR,NO,J.Slye,52,astroturf,1.0,dome
2019_12_CAR_NO,NO,CAR,REG,12,CAR,NO,J.Slye,28,astroturf,0.0,dome
2019_12_CAR_NO,NO,CAR,REG,12,NO,CAR,W.Lutz,33,astroturf,1.0,dome
2019_12_DAL_NE,NE,DAL,REG,12,DAL,NE,B.Maher,46,grass,0.0,outdoors
2019_12_DAL_NE,NE,DAL,REG,12,NE,DAL,N.Folk,44,grass,1.0,outdoors
2019_12_DAL_NE,NE,DAL,REG,12,DAL,NE,B.Maher,46,grass,1.0,outdoors
2019_12_DAL_NE,NE,DAL,REG,12,NE,DAL,N.Folk,46,grass,0.0,outdoors
2019_12_DAL_NE,NE,DAL,REG,12,DAL,NE,B.Maher,27,grass,1.0,outdoors
2019_12_DAL_NE,NE,DAL,REG,12,NE,DAL,N.Folk,48,grass,0.0,outdoors
2019_12_DAL_NE,NE,DAL,REG,12,NE,DAL,N.Folk,42,grass,1.0,outdoors
2019_12_DAL_NE,NE,DAL,REG,12,DAL,NE,B.Maher,29,grass,1.0,outdoors
2019_12_DEN_BUF,BUF,DEN,REG,12,BUF,DEN,S.Hauschka,39,astroturf,1.0,outdoors
2019_12_DEN_BUF,BUF,DEN,REG,12,BUF,DEN,S.Hauschka,23,astroturf,1.0,outdoors
2019_12_DEN_BUF,BUF,DEN,REG,12,DEN,BUF,B.McManus,45,astroturf,1.0,outdoors
2019_12_DET_WAS,WAS,DET,REG,12,DET,WAS,M.Prater,39,grass,0.0,outdoors
2019_12_DET_WAS,WAS,DET,REG,12,WAS,DET,D.Hopkins,28,grass,1.0,outdoors
2019_12_DET_WAS,WAS,DET,REG,12,DET,WAS,M.Prater,24,grass,1.0,outdoors
2019_12_DET_WAS,WAS,DET,REG,12,WAS,DET,D.Hopkins,37,grass,1.0,outdoors
2019_12_DET_WAS,WAS,DET,REG,12,DET,WAS,M.Prater,49,grass,1.0,outdoors
2019_12_DET_WAS,WAS,DET,REG,12,DET,WAS,M.Prater,21,grass,1.0,outdoors
2019_12_DET_WAS,WAS,DET,REG,12,WAS,DET,D.Hopkins,42,grass,1.0,outdoors
2019_12_DET_WAS,WAS,DET,REG,12,WAS,DET,D.Hopkins,39,grass,1.0,outdoors
2019_12_GB_SF,SF,GB,REG,12,SF,GB,C.McLaughlin,29,grass,1.0,outdoors
2019_12_GB_SF,SF,GB,REG,12,SF,GB,C.McLaughlin,27,grass,1.0,outdoors
2019_12_GB_SF,SF,GB,REG,12,SF,GB,C.McLaughlin,48,grass,1.0,outdoors
2019_12_IND_HOU,HOU,IND,REG,12,HOU,IND,K.Fairbairn,35,grass,1.0,closed
2019_12_IND_HOU,HOU,IND,REG,12,IND,HOU,A.Vinatieri,36,grass,1.0,closed
2019_12_IND_HOU,HOU,IND,REG,12,HOU,IND,K.Fairbairn,36,grass,1.0,closed
2019_12_JAX_TEN,TEN,JAX,REG,12,JAX,TEN,J.Lambo,49,grass,1.0,outdoors
2019_12_JAX_TEN,TEN,JAX,REG,12,JAX,TEN,J.Lambo,50,grass,1.0,outdoors
2019_12_MIA_CLE,CLE,MIA,REG,12,MIA,CLE,J.Sanders,36,grass,1.0,outdoors
2019_12_MIA_CLE,CLE,MIA,REG,12,CLE,MIA,A.Seibert,46,grass,0.0,outdoors
2019_12_MIA_CLE,CLE,MIA,REG,12,CLE,MIA,A.Seibert,40,grass,1.0,outdoors
2019_12_MIA_CLE,CLE,MIA,REG,12,CLE,MIA,A.Seibert,26,grass,1.0,outdoors
2019_12_NYG_CHI,CHI,NYG,REG,12,NYG,CHI,A.Rosas,42,grass,0.0,outdoors
2019_12_NYG_CHI,CHI,NYG,REG,12,NYG,CHI,A.Rosas,43,grass,0.0,outdoors
2019_12_NYG_CHI,CHI,NYG,REG,12,CHI,NYG,E.Pineiro,26,grass,1.0,outdoors
2019_12_NYG_CHI,CHI,NYG,REG,12,CHI,NYG,E.Pineiro,24,grass,1.0,outdoors
2019_12_OAK_NYJ,NYJ,LV,REG,12,LV,NYJ,D.Carlson,48,fieldturf,1.0,outdoors
2019_12_OAK_NYJ,NYJ,LV,REG,12,NYJ,LV,S.Ficken,24,fieldturf,1.0,outdoors
2019_12_OAK_NYJ,NYJ,LV,REG,12,LV,NYJ,D.Carlson,43,fieldturf,0.0,outdoors
2019_12_OAK_NYJ,NYJ,LV,REG,12,NYJ,LV,S.Ficken,35,fieldturf,1.0,outdoors
2019_12_OAK_NYJ,NYJ,LV,REG,12,NYJ,LV,S.Ficken,48,fieldturf,0.0,outdoors
2019_12_PIT_CIN,CIN,PIT,REG,12,PIT,CIN,C.Boswell,26,grass,1.0,outdoors
2019_12_PIT_CIN,CIN,PIT,REG,12,CIN,PIT,R.Bullock,27,grass,1.0,outdoors
2019_12_PIT_CIN,CIN,PIT,REG,12,PIT,CIN,C.Boswell,47,grass,1.0,outdoors
2019_12_PIT_CIN,CIN,PIT,REG,12,PIT,CIN,C.Boswell,26,grass,1.0,outdoors
2019_12_SEA_PHI,PHI,SEA,REG,12,PHI,SEA,J.Elliott,28,grass,1.0,outdoors
2019_12_SEA_PHI,PHI,SEA,REG,12,SEA,PHI,J.Myers,24,grass,1.0,outdoors
2019_12_TB_ATL,ATL,TB,REG,12,ATL,TB,Y.Koo,25,fieldturf,1.0,closed
2019_12_TB_ATL,ATL,TB,REG,12,ATL,TB,Y.Koo,40,fieldturf,1.0,closed
2019_12_TB_ATL,ATL,TB,REG,12,TB,ATL,M.Gay,32,fieldturf,1.0,closed
2019_12_TB_ATL,ATL,TB,REG,12,ATL,TB,Y.Koo,38,fieldturf,1.0,closed
2019_13_BUF_DAL,DAL,BUF,REG,13,BUF,DAL,S.Hauschka,50,fieldturf,0.0,closed
2019_13_BUF_DAL,DAL,BUF,REG,13,DAL,BUF,B.Maher,35,fieldturf,0.0,closed
2019_13_BUF_DAL,DAL,BUF,REG,13,BUF,DAL,S.Hauschka,41,fieldturf,1.0,closed
2019_13_BUF_DAL,DAL,BUF,REG,13,DAL,BUF,B.Maher,47,fieldturf,0.0,closed
2019_13_BUF_DAL,DAL,BUF,REG,13,BUF,DAL,S.Hauschka,26,fieldturf,1.0,closed
2019_13_CHI_DET,DET,CHI,REG,13,DET,CHI,M.Prater,25,fieldturf,1.0,dome
2019_13_CHI_DET,DET,CHI,REG,13,CHI,DET,E.Pineiro,30,fieldturf,1.0,dome
2019_13_CHI_DET,DET,CHI,REG,13,DET,CHI,M.Prater,24,fieldturf,1.0,dome
2019_13_CLE_PIT,PIT,CLE,REG,13,CLE,PIT,A.Seibert,31,grass,1.0,outdoors
2019_13_CLE_PIT,PIT,CLE,REG,13,PIT,CLE,C.Boswell,39,grass,1.0,outdoors
2019_13_CLE_PIT,PIT,CLE,REG,13,PIT,CLE,C.Boswell,29,grass,1.0,outdoors
2019_13_CLE_PIT,PIT,CLE,REG,13,CLE,PIT,A.Seibert,34,grass,1.0,outdoors
2019_13_GB_NYG,NYG,GB,REG,13,GB,NYG,M.Crosby,47,fieldturf,1.0,outdoors
2019_13_GB_NYG,NYG,GB,REG,13,NYG,GB,A.Rosas,27,fieldturf,1.0,outdoors
2019_13_GB_NYG,NYG,GB,REG,13,NYG,GB,A.Rosas,45,fieldturf,1.0,outdoors
2019_13_LA_ARI,ARI,LA,REG,13,LA,ARI,G.Zuerlein,27,grass,1.0,closed
2019_13_LA_ARI,ARI,LA,REG,13,LA,ARI,G.Zuerlein,41,grass,0.0,closed
2019_13_LA_ARI,ARI,LA,REG,13,LA,ARI,G.Zuerlein,33,grass,1.0,closed
2019_13_LAC_DEN,DEN,LAC,REG,13,LAC,DEN,M.Badgley,30,grass,1.0,outdoors
2019_13_LAC_DEN,DEN,LAC,REG,13,DEN,LAC,B.McManus,31,grass,1.0,outdoors
2019_13_LAC_DEN,DEN,LAC,REG,13,LAC,DEN,M.Badgley,55,grass,0.0,outdoors
2019_13_LAC_DEN,DEN,LAC,REG,13,DEN,LAC,B.McManus,52,grass,1.0,outdoors
2019_13_LAC_DEN,DEN,LAC,REG,13,LAC,DEN,M.Badgley,46,grass,1.0,outdoors
2019_13_LAC_DEN,DEN,LAC,REG,13,DEN,LAC,B.McManus,53,grass,1.0,outdoors
2019_13_MIN_SEA,SEA,MIN,REG,13,SEA,MIN,J.Myers,29,fieldturf,1.0,outdoors
2019_13_MIN_SEA,SEA,MIN,REG,13,MIN,SEA,D.Bailey,47,fieldturf,1.0,outdoors
2019_13_MIN_SEA,SEA,MIN,REG,13,SEA,MIN,J.Myers,29,fieldturf,1.0,outdoors
2019_13_MIN_SEA,SEA,MIN,REG,13,SEA,MIN,J.Myers,36,fieldturf,1.0,outdoors
2019_13_NE_HOU,HOU,NE,REG,13,NE,HOU,K.Forbath,23,grass,1.0,closed
2019_13_NO_ATL,ATL,NO,REG,13,NO,ATL,W.Lutz,22,fieldturf,1.0,closed
2019_13_NO_ATL,ATL,NO,REG,13,ATL,NO,Y.Koo,42,fieldturf,0.0,closed
2019_13_NO_ATL,ATL,NO,REG,13,ATL,NO,Y.Koo,45,fieldturf,1.0,closed
2019_13_NO_ATL,ATL,NO,REG,13,NO,ATL,W.Lutz,47,fieldturf,1.0,closed
2019_13_NO_ATL,ATL,NO,REG,13,NO,ATL,W.Lutz,42,fieldturf,1.0,closed
2019_13_NO_ATL,ATL,NO,REG,13,NO,ATL,W.Lutz,45,fieldturf,1.0,closed
2019_13_NO_ATL,ATL,NO,REG,13,ATL,NO,Y.Koo,43,fieldturf,1.0,closed
2019_13_NYJ_CIN,CIN,NYJ,REG,13,NYJ,CIN,S.Ficken,42,grass,1.0,outdoors
2019_13_NYJ_CIN,CIN,NYJ,REG,13,CIN,NYJ,R.Bullock,24,grass,1.0,outdoors
2019_13_NYJ_CIN,CIN,NYJ,REG,13,NYJ,CIN,S.Ficken,39,grass,1.0,outdoors
2019_13_NYJ_CIN,CIN,NYJ,REG,13,CIN,NYJ,R.Bullock,48,grass,0.0,outdoors
2019_13_NYJ_CIN,CIN,NYJ,REG,13,CIN,NYJ,R.Bullock,47,grass,1.0,outdoors
2019_13_OAK_KC,KC,LV,REG,13,LV,KC,D.Carlson,44,astroturf,0.0,outdoors
2019_13_OAK_KC,KC,LV,REG,13,KC,LV,H.Butker,50,astroturf,1.0,outdoors
2019_13_OAK_KC,KC,LV,REG,13,LV,KC,D.Carlson,34,astroturf,1.0,outdoors
2019_13_PHI_MIA,MIA,PHI,REG,13,PHI,MIA,J.Elliott,48,grass,1.0,outdoors
2019_13_PHI_MIA,MIA,PHI,REG,13,PHI,MIA,J.Elliott,43,grass,1.0,outdoors
2019_13_PHI_MIA,MIA,PHI,REG,13,PHI,MIA,J.Elliott,49,grass,0.0,outdoors
2019_13_PHI_MIA,MIA,PHI,REG,13,MIA,PHI,J.Sanders,51,grass,1.0,outdoors
2019_13_PHI_MIA,MIA,PHI,REG,13,PHI,MIA,J.Elliott,37,grass,1.0,outdoors
2019_13_SF_BAL,BAL,SF,REG,13,BAL,SF,J.Tucker,30,grass,1.0,outdoors
2019_13_SF_BAL,BAL,SF,REG,13,SF,BAL,R.Gould,51,grass,0.0,outdoors
2019_13_SF_BAL,BAL,SF,REG,13,SF,BAL,R.Gould,32,grass,1.0,outdoors
2019_13_SF_BAL,BAL,SF,REG,13,BAL,SF,J.Tucker,49,grass,1.0,outdoors
2019_13_TB_JAX,JAX,TB,REG,13,TB,JAX,M.Gay,25,grass,1.0,outdoors
2019_13_TB_JAX,JAX,TB,REG,13,JAX,TB,J.Lambo,53,grass,1.0,outdoors
2019_13_TB_JAX,JAX,TB,REG,13,TB,JAX,M.Gay,37,grass,1.0,outdoors
2019_13_TEN_IND,IND,TEN,REG,13,IND,TEN,A.Vinatieri,55,fieldturf,0.0,closed
2019_13_TEN_IND,IND,TEN,REG,13,IND,TEN,A.Vinatieri,53,fieldturf,0.0,closed
2019_13_TEN_IND,IND,TEN,REG,13,IND,TEN,A.Vinatieri,28,fieldturf,1.0,closed
2019_13_TEN_IND,IND,TEN,REG,13,TEN,IND,R.Succop,31,fieldturf,1.0,closed
2019_13_TEN_IND,IND,TEN,REG,13,IND,TEN,A.Vinatieri,46,fieldturf,0.0,closed
2019_13_WAS_CAR,CAR,WAS,REG,13,WAS,CAR,D.Hopkins,25,grass,1.0,outdoors
2019_13_WAS_CAR,CAR,WAS,REG,13,WAS,CAR,D.Hopkins,42,grass,1.0,outdoors
2019_13_WAS_CAR,CAR,WAS,REG,13,WAS,CAR,D.Hopkins,49,grass,0.0,outdoors
2019_13_WAS_CAR,CAR,WAS,REG,13,WAS,CAR,D.Hopkins,36,grass,1.0,outdoors
2019_14_BAL_BUF,BUF,BAL,REG,14,BAL,BUF,J.Tucker,36,astroturf,1.0,outdoors
2019_14_BAL_BUF,BUF,BAL,REG,14,BUF,BAL,S.Hauschka,36,astroturf,1.0,outdoors
2019_14_BAL_BUF,BUF,BAL,REG,14,BUF,BAL,S.Hauschka,47,astroturf,1.0,outdoors
2019_14_BAL_BUF,BUF,BAL,REG,14,BUF,BAL,S.Hauschka,48,astroturf,1.0,outdoors
2019_14_CAR_ATL,ATL,CAR,REG,14,ATL,CAR,Y.Koo,37,fieldturf,1.0,closed
2019_14_CAR_ATL,ATL,CAR,REG,14,CAR,ATL,J.Slye,46,fieldturf,1.0,closed
2019_14_CAR_ATL,ATL,CAR,REG,14,ATL,CAR,Y.Koo,35,fieldturf,1.0,closed
2019_14_CAR_ATL,ATL,CAR,REG,14,ATL,CAR,Y.Koo,29,fieldturf,1.0,closed
2019_14_CAR_ATL,ATL,CAR,REG,14,ATL,CAR,Y.Koo,50,fieldturf,1.0,closed
2019_14_CAR_ATL,ATL,CAR,REG,14,CAR,ATL,J.Slye,42,fieldturf,1.0,closed
2019_14_CIN_CLE,CLE,CIN,REG,14,CIN,CLE,R.Bullock,34,grass,1.0,outdoors
2019_14_CIN_CLE,CLE,CIN,REG,14,CIN,CLE,R.Bullock,44,grass,1.0,outdoors
2019_14_CIN_CLE,CLE,CIN,REG,14,CIN,CLE,R.Bullock,28,grass,1.0,outdoors
2019_14_CIN_CLE,CLE,CIN,REG,14,CLE,CIN,A.Seibert,53,grass,1.0,outdoors
2019_14_CIN_CLE,CLE,CIN,REG,14,CLE,CIN,A.Seibert,31,grass,1.0,outdoors
2019_14_CIN_CLE,CLE,CIN,REG,14,CIN,CLE,R.Bullock,46,grass,1.0,outdoors
2019_14_DAL_CHI,CHI,DAL,REG,14,CHI,DAL,E.Pineiro,36,grass,1.0,outdoors
2019_14_DAL_CHI,CHI,DAL,REG,14,DAL,CHI,B.Maher,42,grass,0.0,outdoors
2019_14_DAL_CHI,CHI,DAL,REG,14,DAL,CHI,B.Maher,31,grass,1.0,outdoors
2019_14_DEN_HOU,HOU,DEN,REG,14,HOU,DEN,K.Fairbairn,54,grass,1.0,closed
2019_14_DEN_HOU,HOU,DEN,REG,14,DEN,HOU,B.McManus,36,grass,1.0,closed
2019_14_DET_MIN,MIN,DET,REG,14,MIN,DET,D.Bailey,27,sportturf,1.0,dome
2019_14_DET_MIN,MIN,DET,REG,14,DET,MIN,M.Prater,45,sportturf,0.0,dome
2019_14_DET_MIN,MIN,DET,REG,14,MIN,DET,D.Bailey,50,sportturf,1.0,dome
2019_14_IND_TB,TB,IND,REG,14,IND,TB,C.McLaughlin,50,grass,1.0,outdoors
2019_14_IND_TB,TB,IND,REG,14,IND,TB,C.McLaughlin,19,grass,1.0,outdoors
2019_14_IND_TB,TB,IND,REG,14,TB,IND,M.Gay,44,grass,1.0,outdoors
2019_14_IND_TB,TB,IND,REG,14,IND,TB,C.McLaughlin,47,grass,0.0,outdoors
2019_14_KC_NE,NE,KC,REG,14,KC,NE,H.Butker,48,grass,1.0,outdoors
2019_14_KC_NE,NE,KC,REG,14,NE,KC,N.Folk,41,grass,0.0,outdoors
2019_14_KC_NE,NE,KC,REG,14,KC,NE,H.Butker,31,grass,1.0,outdoors
2019_14_KC_NE,NE,KC,REG,14,KC,NE,H.Butker,41,grass,1.0,outdoors
2019_14_KC_NE,NE,KC,REG,14,NE,KC,N.Folk,29,grass,1.0,outdoors
2019_14_LAC_JAX,JAX,LAC,REG,14,JAX,LAC,J.Lambo,26,grass,1.0,outdoors
2019_14_LAC_JAX,JAX,LAC,REG,14,LAC,JAX,M.Badgley,40,grass,1.0,outdoors
2019_14_MIA_NYJ,NYJ,MIA,REG,14,MIA,NYJ,J.Sanders,22,fieldturf,1.0,outdoors
2019_14_MIA_NYJ,NYJ,MIA,REG,14,NYJ,MIA,S.Ficken,37,fieldturf,1.0,outdoors
2019_14_MIA_NYJ,NYJ,MIA,REG,14,MIA,NYJ,J.Sanders,25,fieldturf,1.0,outdoors
2019_14_MIA_NYJ,NYJ,MIA,REG,14,MIA,NYJ,J.Sanders,28,fieldturf,1.0,outdoors
2019_14_MIA_NYJ,NYJ,MIA,REG,14,MIA,NYJ,J.Sanders,31,fieldturf,1.0,outdoors
2019_14_MIA_NYJ,NYJ,MIA,REG,14,MIA,NYJ,J.Sanders,34,fieldturf,0.0,outdoors
2019_14_MIA_NYJ,NYJ,MIA,REG,14,MIA,NYJ,J.Sanders,53,fieldturf,1.0,outdoors
2019_14_MIA_NYJ,NYJ,MIA,REG,14,MIA,NYJ,J.Sanders,48,fieldturf,1.0,outdoors
2019_14_MIA_NYJ,NYJ,MIA,REG,14,NYJ,MIA,S.Ficken,42,fieldturf,1.0,outdoors
2019_14_MIA_NYJ,NYJ,MIA,REG,14,MIA,NYJ,J.Sanders,37,fieldturf,1.0,outdoors
2019_14_MIA_NYJ,NYJ,MIA,REG,14,NYJ,MIA,S.Ficken,44,fieldturf,1.0,outdoors
2019_14_NYG_PHI,PHI,NYG,REG,14,PHI,NYG,J.Elliott,34,grass,1.0,outdoors
2019_14_NYG_PHI,PHI,NYG,REG,14,NYG,PHI,A.Rosas,34,grass,1.0,outdoors
2019_14_NYG_PHI,PHI,NYG,REG,14,PHI,NYG,J.Elliott,47,grass,0.0,outdoors
2019_14_PIT_ARI,ARI,PIT,REG,14,PIT,ARI,C.Boswell,30,grass,1.0,closed
2019_14_PIT_ARI,ARI,PIT,REG,14,ARI,PIT,Z.Gonzalez,30,grass,1.0,closed
2019_14_PIT_ARI,ARI,PIT,REG,14,PIT,ARI,C.Boswell,37,grass,1.0,closed
2019_14_PIT_ARI,ARI,PIT,REG,14,PIT,ARI,C.Boswell,25,grass,1.0,closed
2019_14_SEA_LA,LA,SEA,REG,14,SEA,LA,J.Myers,39,grass,1.0,outdoors
2019_14_SEA_LA,LA,SEA,REG,14,LA,SEA,G.Zuerlein,37,grass,0.0,outdoors
2019_14_SEA_LA,LA,SEA,REG,14,SEA,LA,J.Myers,34,grass,1.0,outdoors
2019_14_SF_NO,NO,SF,REG,14,NO,SF,W.Lutz,55,astroturf,1.0,dome
2019_14_SF_NO,NO,SF,REG,14,NO,SF,W.Lutz,48,astroturf,1.0,dome
2019_14_SF_NO,NO,SF,REG,14,SF,NO,R.Gould,41,astroturf,1.0,dome
2019_14_SF_NO,NO,SF,REG,14,SF,NO,R.Gould,30,astroturf,1.0,dome
2019_14_TEN_OAK,LV,TEN,REG,14,TEN,LV,R.Succop,42,grass,0.0,outdoors
2019_14_WAS_GB,GB,WAS,REG,14,GB,WAS,M.Crosby,32,grass,1.0,outdoors
2019_14_WAS_GB,GB,WAS,REG,14,WAS,GB,D.Hopkins,52,grass,1.0,outdoors
2019_14_WAS_GB,GB,WAS,REG,14,GB,WAS,M.Crosby,33,grass,1.0,outdoors
2019_15_ATL_SF,SF,ATL,REG,15,ATL,SF,Y.Koo,43,grass,1.0,outdoors
2019_15_ATL_SF,SF,ATL,REG,15,SF,ATL,R.Gould,22,grass,1.0,outdoors
2019_15_ATL_SF,SF,ATL,REG,15,SF,ATL,R.Gould,46,grass,1.0,outdoors
2019_15_ATL_SF,SF,ATL,REG,15,SF,ATL,R.Gould,43,grass,1.0,outdoors
2019_15_BUF_PIT,PIT,BUF,REG,15,PIT,BUF,C.Boswell,49,grass,1.0,outdoors
2019_15_BUF_PIT,PIT,BUF,REG,15,BUF,PIT,S.Hauschka,36,grass,1.0,outdoors
2019_15_CHI_GB,GB,CHI,REG,15,CHI,GB,E.Pineiro,30,grass,1.0,outdoors
2019_15_CHI_GB,GB,CHI,REG,15,CHI,GB,E.Pineiro,27,grass,1.0,outdoors
2019_15_CLE_ARI,ARI,CLE,REG,15,CLE,ARI,A.Seibert,44,grass,1.0,closed
2019_15_CLE_ARI,ARI,CLE,REG,15,CLE,ARI,A.Seibert,45,grass,0.0,closed
2019_15_CLE_ARI,ARI,CLE,REG,15,ARI,CLE,Z.Gonzalez,21,grass,1.0,closed
2019_15_DEN_KC,KC,DEN,REG,15,KC,DEN,H.Butker,23,astroturf,1.0,outdoors
2019_15_DEN_KC,KC,DEN,REG,15,KC,DEN,H.Butker,24,astroturf,1.0,outdoors
2019_15_DEN_KC,KC,DEN,REG,15,DEN,KC,B.McManus,32,astroturf,1.0,outdoors
2019_15_DEN_KC,KC,DEN,REG,15,KC,DEN,H.Butker,44,astroturf,1.0,outdoors
2019_15_HOU_TEN,TEN,HOU,REG,15,TEN,HOU,R.Succop,45,grass,0.0,outdoors
2019_15_HOU_TEN,TEN,HOU,REG,15,HOU,TEN,K.Fairbairn,29,grass,1.0,outdoors
2019_15_IND_NO,NO,IND,REG,15,NO,IND,W.Lutz,33,astroturf,1.0,dome
2019_15_IND_NO,NO,IND,REG,15,NO,IND,W.Lutz,26,astroturf,1.0,dome
2019_15_JAX_OAK,LV,JAX,REG,15,JAX,LV,J.Lambo,28,grass,1.0,outdoors
2019_15_JAX_OAK,LV,JAX,REG,15,LV,JAX,D.Carlson,33,grass,1.0,outdoors
2019_15_JAX_OAK,LV,JAX,REG,15,LV,JAX,D.Carlson,34,grass,1.0,outdoors
2019_15_JAX_OAK,LV,JAX,REG,15,LV,JAX,D.Carlson,27,grass,1.0,outdoors
2019_15_JAX_OAK,LV,JAX,REG,15,JAX,LV,J.Lambo,43,grass,1.0,outdoors
2019_15_JAX_OAK,LV,JAX,REG,15,LV,JAX,D.Carlson,45,grass,0.0,outdoors
2019_15_LA_DAL,DAL,LA,REG,15,DAL,LA,K.Forbath,50,fieldturf,1.0,closed
2019_15_LA_DAL,DAL,LA,REG,15,DAL,LA,K.Forbath,42,fieldturf,1.0,closed
2019_15_LA_DAL,DAL,LA,REG,15,DAL,LA,K.Forbath,42,fieldturf,1.0,closed
2019_15_MIA_NYG,NYG,MIA,REG,15,MIA,NYG,J.Sanders,49,fieldturf,0.0,outdoors
2019_15_MIA_NYG,NYG,MIA,REG,15,MIA,NYG,J.Sanders,24,fieldturf,1.0,outdoors
2019_15_MIA_NYG,NYG,MIA,REG,15,MIA,NYG,J.Sanders,47,fieldturf,1.0,outdoors
2019_15_MIN_LAC,LAC,MIN,REG,15,LAC,MIN,M.Badgley,41,grass,1.0,outdoors
2019_15_MIN_LAC,LAC,MIN,REG,15,MIN,LAC,D.Bailey,26,grass,1.0,outdoors
2019_15_MIN_LAC,LAC,MIN,REG,15,MIN,LAC,D.Bailey,44,grass,1.0,outdoors
2019_15_MIN_LAC,LAC,MIN,REG,15,MIN,LAC,D.Bailey,38,grass,1.0,outdoors
2019_15_MIN_LAC,LAC,MIN,REG,15,MIN,LAC,D.Bailey,27,grass,1.0,outdoors
2019_15_NE_CIN,CIN,NE,REG,15,CIN,NE,R.Bullock,34,grass,1.0,outdoors
2019_15_NE_CIN,CIN,NE,REG,15,NE,CIN,N.Folk,40,grass,1.0,outdoors
2019_15_NE_CIN,CIN,NE,REG,15,NE,CIN,N.Folk,46,grass,1.0,outdoors
2019_15_NE_CIN,CIN,NE,REG,15,CIN,NE,R.Bullock,48,grass,1.0,outdoors
2019_15_NYJ_BAL,BAL,NYJ,REG,15,NYJ,BAL,S.Ficken,49,grass,0.0,outdoors
2019_15_PHI_WAS,WAS,PHI,REG,15,PHI,WAS,J.Elliott,25,grass,1.0,outdoors
2019_15_PHI_WAS,WAS,PHI,REG,15,WAS,PHI,D.Hopkins,53,grass,1.0,outdoors
2019_15_PHI_WAS,WAS,PHI,REG,15,WAS,PHI,D.Hopkins,43,grass,1.0,outdoors
2019_15_SEA_CAR,CAR,SEA,REG,15,CAR,SEA,J.Slye,52,grass,1.0,outdoors
2019_15_SEA_CAR,CAR,SEA,REG,15,SEA,CAR,J.Myers,30,grass,1.0,outdoors
2019_15_TB_DET,DET,TB,REG,15,DET,TB,M.Prater,44,fieldturf,1.0,dome
2019_15_TB_DET,DET,TB,REG,15,TB,DET,M.Gay,46,fieldturf,1.0,dome
2019_15_TB_DET,DET,TB,REG,15,TB,DET,M.Gay,54,fieldturf,0.0,dome
2019_16_ARI_SEA,SEA,ARI,REG,16,ARI,SEA,Z.Gonzalez,22,fieldturf,1.0,outdoors
2019_16_ARI_SEA,SEA,ARI,REG,16,ARI,SEA,Z.Gonzalez,46,fieldturf,1.0,outdoors
2019_16_ARI_SEA,SEA,ARI,REG,16,ARI,SEA,Z.Gonzalez,45,fieldturf,0.0,outdoors
2019_16_ARI_SEA,SEA,ARI,REG,16,SEA,ARI,J.Myers,30,fieldturf,1.0,outdoors
2019_16_ARI_SEA,SEA,ARI,REG,16,SEA,ARI,J.Myers,51,fieldturf,1.0,outdoors
2019_16_BAL_CLE,CLE,BAL,REG,16,CLE,BAL,A.Seibert,47,grass,1.0,outdoors
2019_16_BAL_CLE,CLE,BAL,REG,16,BAL,CLE,J.Tucker,31,grass,1.0,outdoors
2019_16_BUF_NE,NE,BUF,REG,16,BUF,NE,S.Hauschka,35,grass,1.0,outdoors
2019_16_BUF_NE,NE,BUF,REG,16,NE,BUF,N.Folk,36,grass,1.0,outdoors
2019_16_BUF_NE,NE,BUF,REG,16,NE,BUF,N.Folk,51,grass,1.0,outdoors
2019_16_BUF_NE,NE,BUF,REG,16,NE,BUF,N.Folk,20,grass,1.0,outdoors
2019_16_CAR_IND,IND,CAR,REG,16,CAR,IND,J.Slye,27,fieldturf,1.0,closed
2019_16_CAR_IND,IND,CAR,REG,16,IND,CAR,C.McLaughlin,35,fieldturf,1.0,closed
2019_16_CAR_IND,IND,CAR,REG,16,CAR,IND,J.Slye,50,fieldturf,1.0,closed
2019_16_CIN_MIA,MIA,CIN,REG,16,CIN,MIA,R.Bullock,20,grass,1.0,outdoors
2019_16_CIN_MIA,MIA,CIN,REG,16,CIN,MIA,R.Bullock,57,grass,1.0,outdoors
2019_16_CIN_MIA,MIA,CIN,REG,16,MIA,CIN,J.Sanders,47,grass,0.0,outdoors
2019_16_CIN_MIA,MIA,CIN,REG,16,MIA,CIN,J.Sanders,37,grass,1.0,outdoors
2019_16_DAL_PHI,PHI,DAL,REG,16,PHI,DAL,J.Elliott,36,grass,1.0,outdoors
2019_16_DAL_PHI,PHI,DAL,REG,16,DAL,PHI,K.Forbath,49,grass,1.0,outdoors
2019_16_DAL_PHI,PHI,DAL,REG,16,PHI,DAL,J.Elliott,53,grass,0.0,outdoors
2019_16_DAL_PHI,PHI,DAL,REG,16,DAL,PHI,K.Forbath,32,grass,1.0,outdoors
2019_16_DAL_PHI,PHI,DAL,REG,16,PHI,DAL,J.Elliott,55,grass,0.0,outdoors
2019_16_DAL_PHI,PHI,DAL,REG,16,DAL,PHI,K.Forbath,49,grass,1.0,outdoors
2019_16_DET_DEN,DEN,DET,REG,16,DET,DEN,M.Prater,26,grass,1.0,outdoors
2019_16_DET_DEN,DEN,DET,REG,16,DEN,DET,B.McManus,34,grass,1.0,outdoors
2019_16_DET_DEN,DEN,DET,REG,16,DEN,DET,B.McManus,26,grass,1.0,outdoors
2019_16_GB_MIN,MIN,GB,REG,16,MIN,GB,D.Bailey,23,sportturf,1.0,dome
2019_16_GB_MIN,MIN,GB,REG,16,GB,MIN,M.Crosby,42,sportturf,1.0,dome
2019_16_GB_MIN,MIN,GB,REG,16,GB,MIN,M.Crosby,33,sportturf,1.0,dome
2019_16_GB_MIN,MIN,GB,REG,16,GB,MIN,M.Crosby,19,sportturf,1.0,dome
2019_16_HOU_TB,TB,HOU,REG,16,HOU,TB,K.Fairbairn,32,grass,1.0,outdoors
2019_16_HOU_TB,TB,HOU,REG,16,TB,HOU,M.Gay,54,grass,0.0,outdoors
2019_16_HOU_TB,TB,HOU,REG,16,TB,HOU,M.Gay,50,grass,1.0,outdoors
2019_16_HOU_TB,TB,HOU,REG,16,HOU,TB,K.Fairbairn,25,grass,1.0,outdoors
2019_16_HOU_TB,TB,HOU,REG,16,TB,HOU,M.Gay,41,grass,1.0,outdoors
2019_16_HOU_TB,TB,HOU,REG,16,HOU,TB,K.Fairbairn,37,grass,1.0,outdoors
2019_16_JAX_ATL,ATL,JAX,REG,16,ATL,JAX,Y.Koo,42,fieldturf,0.0,closed
2019_16_JAX_ATL,ATL,JAX,REG,16,JAX,ATL,J.Lambo,40,fieldturf,1.0,closed
2019_16_JAX_ATL,ATL,JAX,REG,16,ATL,JAX,Y.Koo,23,fieldturf,1.0,closed
2019_16_JAX_ATL,ATL,JAX,REG,16,JAX,ATL,J.Lambo,27,fieldturf,1.0,closed
2019_16_KC_CHI,CHI,KC,REG,16,KC,CHI,H.Butker,56,grass,1.0,outdoors
2019_16_KC_CHI,CHI,KC,REG,16,CHI,KC,E.Pineiro,46,grass,1.0,outdoors
2019_16_KC_CHI,CHI,KC,REG,16,KC,CHI,H.Butker,32,grass,1.0,outdoors
2019_16_LA_SF,SF,LA,REG,16,SF,LA,R.Gould,26,grass,1.0,outdoors
2019_16_LA_SF,SF,LA,REG,16,LA,SF,G.Zuerlein,52,grass,0.0,outdoors
2019_16_LA_SF,SF,LA,REG,16,LA,SF,G.Zuerlein,52,grass,1.0,outdoors
2019_16_LA_SF,SF,LA,REG,16,SF,LA,R.Gould,33,grass,1.0,outdoors
2019_16_NO_TEN,TEN,NO,REG,16,NO,TEN,W.Lutz,47,grass,1.0,outdoors
2019_16_NYG_WAS,WAS,NYG,REG,16,NYG,WAS,A.Rosas,53,grass,0.0,outdoors
2019_16_OAK_LAC,LAC,LV,REG,16,LV,LAC,D.Carlson,48,grass,1.0,outdoors
2019_16_OAK_LAC,LAC,LV,REG,16,LAC,LV,M.Badgley,27,grass,1.0,outdoors
2019_16_PIT_NYJ,NYJ,PIT,REG,16,NYJ,PIT,S.Ficken,54,fieldturf,1.0,outdoors
2019_16_PIT_NYJ,NYJ,PIT,REG,16,PIT,NYJ,C.Boswell,49,fieldturf,1.0,outdoors
2019_16_PIT_NYJ,NYJ,PIT,REG,16,NYJ,PIT,S.Ficken,37,fieldturf,1.0,outdoors
2019_16_PIT_NYJ,NYJ,PIT,REG,16,NYJ,PIT,S.Ficken,42,fieldturf,1.0,outdoors
2019_17_ARI_LA,LA,ARI,REG,17,LA,ARI,G.Zuerlein,47,grass,1.0,outdoors
2019_17_ARI_LA,LA,ARI,REG,17,LA,ARI,G.Zuerlein,47,grass,0.0,outdoors
2019_17_ARI_LA,LA,ARI,REG,17,ARI,LA,Z.Gonzalez,31,grass,1.0,outdoors
2019_17_ATL_TB,TB,ATL,REG,17,ATL,TB,Y.Koo,27,grass,1.0,outdoors
2019_17_ATL_TB,TB,ATL,REG,17,TB,ATL,M.Gay,49,grass,0.0,outdoors
2019_17_ATL_TB,TB,ATL,REG,17,ATL,TB,Y.Koo,33,grass,1.0,outdoors
2019_17_ATL_TB,TB,ATL,REG,17,ATL,TB,Y.Koo,45,grass,1.0,outdoors
2019_17_ATL_TB,TB,ATL,REG,17,TB,ATL,M.Gay,44,grass,0.0,outdoors
2019_17_ATL_TB,TB,ATL,REG,17,TB,ATL,M.Gay,34,grass,0.0,outdoors
2019_17_ATL_TB,TB,ATL,REG,17,ATL,TB,Y.Koo,43,grass,1.0,outdoors
2019_17_ATL_TB,TB,ATL,REG,17,ATL,TB,Y.Koo,33,grass,1.0,outdoors
2019_17_CHI_MIN,MIN,CHI,REG,17,CHI,MIN,E.Pineiro,26,sportturf,1.0,dome
2019_17_CHI_MIN,MIN,CHI,REG,17,CHI,MIN,E.Pineiro,33,sportturf,1.0,dome
2019_17_CHI_MIN,MIN,CHI,REG,17,MIN,CHI,D.Bailey,37,sportturf,1.0,dome
2019_17_CHI_MIN,MIN,CHI,REG,17,CHI,MIN,E.Pineiro,34,sportturf,1.0,dome
2019_17_CHI_MIN,MIN,CHI,REG,17,MIN,CHI,D.Bailey,38,sportturf,1.0,dome
2019_17_CHI_MIN,MIN,CHI,REG,17,MIN,CHI,D.Bailey,39,sportturf,1.0,dome
2019_17_CHI_MIN,MIN,CHI,REG,17,MIN,CHI,D.Bailey,34,sportturf,1.0,dome
2019_17_CHI_MIN,MIN,CHI,REG,17,CHI,MIN,E.Pineiro,22,sportturf,1.0,dome
2019_17_CLE_CIN,CIN,CLE,REG,17,CLE,CIN,A.Seibert,42,grass,1.0,outdoors
2019_17_CLE_CIN,CIN,CLE,REG,17,CIN,CLE,R.Bullock,47,grass,1.0,outdoors
2019_17_CLE_CIN,CIN,CLE,REG,17,CIN,CLE,R.Bullock,46,grass,1.0,outdoors
2019_17_GB_DET,DET,GB,REG,17,GB,DET,M.Crosby,32,fieldturf,1.0,dome
2019_17_GB_DET,DET,GB,REG,17,DET,GB,M.Prater,42,fieldturf,1.0,dome
2019_17_GB_DET,DET,GB,REG,17,GB,DET,M.Crosby,51,fieldturf,0.0,dome
2019_17_GB_DET,DET,GB,REG,17,GB,DET,M.Crosby,40,fieldturf,1.0,dome
2019_17_GB_DET,DET,GB,REG,17,DET,GB,M.Prater,56,fieldturf,1.0,dome
2019_17_GB_DET,DET,GB,REG,17,GB,DET,M.Crosby,33,fieldturf,1.0,dome
2019_17_IND_JAX,JAX,IND,REG,17,IND,JAX,C.McLaughlin,20,grass,1.0,outdoors
2019_17_IND_JAX,JAX,IND,REG,17,JAX,IND,J.Lambo,20,grass,1.0,outdoors
2019_17_IND_JAX,JAX,IND,REG,17,JAX,IND,J.Lambo,53,grass,1.0,outdoors
2019_17_IND_JAX,JAX,IND,REG,17,IND,JAX,C.McLaughlin,50,grass,1.0,outdoors
2019_17_IND_JAX,JAX,IND,REG,17,JAX,IND,J.Lambo,56,grass,1.0,outdoors
2019_17_LAC_KC,KC,LAC,REG,17,KC,LAC,H.Butker,40,astroturf,1.0,outdoors
2019_17_MIA_NE,NE,MIA,REG,17,MIA,NE,J.Sanders,27,grass,1.0,outdoors
2019_17_MIA_NE,NE,MIA,REG,17,NE,MIA,N.Folk,25,grass,1.0,outdoors
2019_17_MIA_NE,NE,MIA,REG,17,MIA,NE,J.Sanders,32,grass,1.0,outdoors
2019_17_NO_CAR,CAR,NO,REG,17,CAR,NO,J.Slye,23,grass,1.0,outdoors
2019_17_NYJ_BUF,BUF,NYJ,REG,17,NYJ,BUF,S.Ficken,51,astroturf,0.0,outdoors
2019_17_NYJ_BUF,BUF,NYJ,REG,17,NYJ,BUF,S.Ficken,30,astroturf,1.0,outdoors
2019_17_NYJ_BUF,BUF,NYJ,REG,17,NYJ,BUF,S.Ficken,34,astroturf,,outdoors
2019_17_NYJ_BUF,BUF,NYJ,REG,17,BUF,NYJ,S.Hauschka,28,astroturf,1.0,outdoors
2019_17_NYJ_BUF,BUF,NYJ,REG,17,NYJ,BUF,S.Ficken,47,astroturf,1.0,outdoors
2019_17_NYJ_BUF,BUF,NYJ,REG,17,BUF,NYJ,S.Hauschka,29,astroturf,1.0,outdoors
2019_17_OAK_DEN,DEN,LV,REG,17,LV,DEN,D.Carlson,39,grass,0.0,outdoors
2019_17_OAK_DEN,DEN,LV,REG,17,LV,DEN,D.Carlson,23,grass,1.0,outdoors
2019_17_OAK_DEN,DEN,LV,REG,17,DEN,LV,B.McManus,43,grass,1.0,outdoors
2019_17_OAK_DEN,DEN,LV,REG,17,DEN,LV,B.McManus,51,grass,1.0,outdoors
2019_17_OAK_DEN,DEN,LV,REG,17,LV,DEN,D.Carlson,33,grass,1.0,outdoors
2019_17_OAK_DEN,DEN,LV,REG,17,LV,DEN,D.Carlson,28,grass,1.0,outdoors
2019_17_OAK_DEN,DEN,LV,REG,17,DEN,LV,B.McManus,57,grass,0.0,outdoors
2019_17_PHI_NYG,NYG,PHI,REG,17,PHI,NYG,J.Elliott,31,fieldturf,1.0,outdoors
2019_17_PHI_NYG,NYG,PHI,REG,17,NYG,PHI,A.Rosas,37,fieldturf,1.0,outdoors
2019_17_PHI_NYG,NYG,PHI,REG,17,PHI,NYG,J.Elliott,50,fieldturf,1.0,outdoors
2019_17_PIT_BAL,BAL,PIT,REG,17,BAL,PIT,J.Tucker,45,grass,1.0,outdoors
2019_17_PIT_BAL,BAL,PIT,REG,17,BAL,PIT,J.Tucker,22,grass,1.0,outdoors
2019_17_PIT_BAL,BAL,PIT,REG,17,BAL,PIT,J.Tucker,42,grass,1.0,outdoors
2019_17_PIT_BAL,BAL,PIT,REG,17,PIT,BAL,C.Boswell,26,grass,1.0,outdoors
2019_17_PIT_BAL,BAL,PIT,REG,17,BAL,PIT,J.Tucker,47,grass,1.0,outdoors
2019_17_SF_SEA,SEA,SF,REG,17,SF,SEA,R.Gould,47,fieldturf,1.0,outdoors
2019_17_SF_SEA,SEA,SF,REG,17,SF,SEA,R.Gould,30,fieldturf,1.0,outdoors
2019_17_WAS_DAL,DAL,WAS,REG,17,DAL,WAS,K.Forbath,28,fieldturf,1.0,closed
2019_17_WAS_DAL,DAL,WAS,REG,17,DAL,WAS,K.Forbath,47,fieldturf,1.0,closed
2019_17_WAS_DAL,DAL,WAS,REG,17,WAS,DAL,D.Hopkins,31,fieldturf,1.0,closed
2019_17_WAS_DAL,DAL,WAS,REG,17,WAS,DAL,D.Hopkins,42,fieldturf,1.0,closed
2019_17_WAS_DAL,DAL,WAS,REG,17,WAS,DAL,D.Hopkins,28,fieldturf,1.0,closed
2019_17_WAS_DAL,DAL,WAS,REG,17,DAL,WAS,K.Forbath,48,fieldturf,1.0,closed
2019_17_WAS_DAL,DAL,WAS,REG,17,DAL,WAS,K.Forbath,40,fieldturf,1.0,closed
2019_18_BUF_HOU,HOU,BUF,POST,18,BUF,HOU,S.Hauschka,40,grass,1.0,closed
2019_18_BUF_HOU,HOU,BUF,POST,18,BUF,HOU,S.Hauschka,40,grass,1.0,closed
2019_18_BUF_HOU,HOU,BUF,POST,18,BUF,HOU,S.Hauschka,38,grass,1.0,closed
2019_18_BUF_HOU,HOU,BUF,POST,18,HOU,BUF,K.Fairbairn,41,grass,1.0,closed
2019_18_BUF_HOU,HOU,BUF,POST,18,BUF,HOU,S.Hauschka,47,grass,1.0,closed
2019_18_BUF_HOU,HOU,BUF,POST,18,HOU,BUF,K.Fairbairn,28,grass,1.0,closed
2019_18_MIN_NO,NO,MIN,POST,18,NO,MIN,W.Lutz,29,astroturf,1.0,dome
2019_18_MIN_NO,NO,MIN,POST,18,MIN,NO,D.Bailey,43,astroturf,1.0,dome
2019_18_MIN_NO,NO,MIN,POST,18,MIN,NO,D.Bailey,21,astroturf,1.0,dome
2019_18_MIN_NO,NO,MIN,POST,18,NO,MIN,W.Lutz,43,astroturf,0.0,dome
2019_18_MIN_NO,NO,MIN,POST,18,NO,MIN,W.Lutz,49,astroturf,1.0,dome
2019_18_SEA_PHI,PHI,SEA,POST,18,SEA,PHI,J.Myers,35,grass,0.0,outdoors
2019_18_SEA_PHI,PHI,SEA,POST,18,SEA,PHI,J.Myers,49,grass,1.0,outdoors
2019_18_SEA_PHI,PHI,SEA,POST,18,PHI,SEA,J.Elliott,46,grass,1.0,outdoors
2019_18_SEA_PHI,PHI,SEA,POST,18,PHI,SEA,J.Elliott,26,grass,1.0,outdoors
2019_18_SEA_PHI,PHI,SEA,POST,18,PHI,SEA,J.Elliott,38,grass,1.0,outdoors
2019_18_TEN_NE,NE,TEN,POST,18,NE,TEN,N.Folk,36,grass,1.0,outdoors
2019_18_TEN_NE,NE,TEN,POST,18,NE,TEN,N.Folk,21,grass,1.0,outdoors
2019_19_HOU_KC,KC,HOU,POST,19,HOU,KC,K.Fairbairn,31,astroturf,1.0,outdoors
2019_19_HOU_KC,KC,HOU,POST,19,HOU,KC,K.Fairbairn,51,astroturf,0.0,outdoors
2019_19_HOU_KC,KC,HOU,POST,19,KC,HOU,H.Butker,24,astroturf,1.0,outdoors
2019_19_MIN_SF,SF,MIN,POST,19,MIN,SF,D.Bailey,39,grass,1.0,outdoors
2019_19_MIN_SF,SF,MIN,POST,19,SF,MIN,R.Gould,35,grass,1.0,outdoors
2019_19_MIN_SF,SF,MIN,POST,19,SF,MIN,R.Gould,21,grass,1.0,outdoors
2019_19_SEA_GB,GB,SEA,POST,19,SEA,GB,J.Myers,45,grass,1.0,outdoors
2019_19_SEA_GB,GB,SEA,POST,19,SEA,GB,J.Myers,50,grass,0.0,outdoors
2019_19_TEN_BAL,BAL,TEN,POST,19,BAL,TEN,J.Tucker,49,grass,1.0,outdoors
2019_19_TEN_BAL,BAL,TEN,POST,19,BAL,TEN,J.Tucker,22,grass,1.0,outdoors
2019_20_GB_SF,SF,GB,POST,20,SF,GB,R.Gould,54,grass,1.0,outdoors
2019_20_GB_SF,SF,GB,POST,20,SF,GB,R.Gould,27,grass,1.0,outdoors
2019_20_GB_SF,SF,GB,POST,20,SF,GB,R.Gould,42,grass,1.0,outdoors
2019_20_TEN_KC,KC,TEN,POST,20,TEN,KC,G.Joseph,30,astroturf,1.0,outdoors
2019_21_SF_KC,KC,SF,POST,21,SF,KC,R.Gould,38,grass,1.0,outdoors
2019_21_SF_KC,KC,SF,POST,21,KC,SF,H.Butker,31,grass,1.0,outdoors
2019_21_SF_KC,KC,SF,POST,21,SF,KC,R.Gould,42,grass,1.0,outdoors
